"Exercise","Primary Muscles","Secondary Muscles","Type","Equipment","Level","Body Region","Movement","Modality","Steps for Beginners","Advanced Key Points","Scientific Reference","Sports Tags","ExRx Video","JEFIT Video","CoachWhitt Video"
"Barbell Bench Press","Pectoralis Major (sternal, clavicular)","Anterior Deltoid, Triceps Brachii","Compound","Barbell, Bench","Intermediate","Upper","Push","Free Weight","1. Lie flat on bench, eyes under bar 2. Grip bar slightly wider than shoulders 3. Unrack and lower to mid-chest 4. Press to lockout 5. Maintain 5-point contact","1. Retract scapulae throughout 2. Leg drive initiates press 3. Bar path slightly diagonal 4. Maintain wrist alignment 5. Control eccentric 2-3 sec","Lehman GJ (2005). The influence of grip width and forearm pronation/supination on upper-body myoelectric activity. J Strength Cond Res 19(3):587-591","Powerlifting, Football, Rugby, Wrestling","https://exrx.net/WeightExercises/PectoralSternal/BBBenchPress","https://www.jefit.com/exercises/2/barbell-bench-press","[TBD]"
"Incline Dumbbell Press","Pectoralis Major (clavicular emphasis)","Anterior Deltoid, Triceps Brachii, Serratus Anterior","Compound","Dumbbells, Incline Bench (30-45°)","Advanced","Upper","Push","Free Weight","1. Set bench to 30-45 degrees 2. Start with dumbbells at shoulder height 3. Press up and slightly together 4. Lower with control to stretch 5. Avoid excessive arch","1. Greater ROM than barbell 2. Converge at top (slight medial rotation) 3. Elbows 45° from torso 4. Maintain shoulder depression 5. Unilateral stabilization demands","Barnett C et al. (1995). Effects of variations of the bench press exercise on the EMG activity of five shoulder muscles. J Strength Cond Res 9(4):222-227","Basketball, Volleyball, Tennis, Boxing","https://exrx.net/WeightExercises/PectoralClavicular/DBInclineBenchPress","https://www.jefit.com/exercises/31/dumbbell-incline-bench-press","[TBD]"
"Dips (Chest Emphasis)","Pectoralis Major (sternal), Triceps","Anterior Deltoid, Serratus Anterior","Compound","Parallel Bars or Dip Station","Intermediate","Upper","Push","Bodyweight","1. Grip bars shoulder-width 2. Lean forward 20-30° 3. Lower until stretch felt 4. Press up maintaining lean 5. Avoid shoulder impingement","1. Forward lean activates chest 2. Elbows flared 45° 3. Full ROM crucial 4. Scapular protraction at top 5. Control descent 3 sec","Gołaś A et al. (2017). Optimizing half squat postactivation potentiation with handheld loading. J Strength Cond Res 31(11):3033-3038","Gymnastics, CrossFit, MMA, Climbing","https://exrx.net/WeightExercises/PectoralSternal/BWChestDip","https://www.jefit.com/exercises/24/dip","[TBD]"
"Cable Crossover (Mid-Height)","Pectoralis Major (sternal, clavicular)","Anterior Deltoid","Isolation","Cable Machine","Advanced","Upper","Push","Cables","1. Set cables at shoulder height 2. Step forward, slight bend 3. Bring hands together 4. Squeeze at midline 5. Return with control","1. Constant tension advantage 2. Hands cross over midline 3. Slight internal rotation 4. Maintain posture/avoid leaning 5. Peak contraction hold 1-2 sec","Welsch EA et al. (2005). Electromyographic activity of the pectoralis major and anterior deltoid muscles during three upper-body lifts. J Strength Cond Res 19(2):449-452","Bodybuilding, Aesthetic Sports","https://exrx.net/WeightExercises/PectoralSternal/CBStandingFly","https://www.jefit.com/exercises/1057/cable-mid-chest-crossover","[TBD]"
"Push-Ups (Standard)","Pectoralis Major, Triceps","Anterior Deltoid, Serratus Anterior, Core","Compound","Bodyweight","Beginner","Upper","Push","Bodyweight","1. Hands shoulder-width 2. Body straight line 3. Lower chest to floor 4. Press to full extension 5. Engage core throughout","1. Scapular protraction crucial 2. Hollow body position 3. Hands under shoulders 4. Full ROM essential 5. Tempo control (2-0-2)","Freeman S et al. (2006). Quantifying muscle patterns and spine load during various forms of the push-up. Med Sci Sports Exerc 38(3):570-577","Military, General Fitness, Calisthenics","https://exrx.net/WeightExercises/PectoralSternal/BWPushup","https://www.jefit.com/exercises/47/push-up","[TBD]"
"Decline Barbell Press","Pectoralis Major (lower sternal emphasis)","Triceps, Anterior Deltoid","Compound","Barbell, Decline Bench (15-30°)","Advanced","Upper","Push","Free Weight","1. Secure feet in decline bench 2. Unrack with spotter 3. Lower to lower chest 4. Press to lockout 5. Controlled tempo","1. Emphasizes lower pec fibers 2. Shorter ROM than flat 3. Reduced shoulder stress 4. Higher loads possible 5. Avoid excessive decline","Glass SC, Armstrong T (1997). Electromyographical activity of the pectoralis muscle during incline and decline bench presses. J Strength Cond Res 11(3):163-167","Powerlifting, Bodybuilding","https://exrx.net/WeightExercises/PectoralSternal/BBDeclineBenchPress","https://www.jefit.com/exercises/5/barbell-decline-bench-press","[TBD]"
"Dumbbell Flyes","Pectoralis Major","Anterior Deltoid, Biceps Brachii (long head)","Isolation","Dumbbells, Flat Bench","Beginner","Upper","Push","Free Weight","1. Start with dumbbells pressed up 2. Slight elbow bend (fixed) 3. Arc out to sides 4. Deep stretch position 5. Return same arc path","1. Fixed elbow angle throughout 2. Eccentric 3-4 sec critical 3. Stretch emphasis exercise 4. Lighter loads required 5. Avoid going too deep","Welsch EA et al. (2005). EMG activity of pectoralis major during upper-body lifts. J Strength Cond Res 19(2):449-452","Bodybuilding, Rehabilitation","https://exrx.net/WeightExercises/PectoralSternal/DBFly","https://www.jefit.com/exercises/41/dumbbell-fly","[TBD]"
"Incline Barbell Bench Press","Pectoralis Major (clavicular/upper chest)","Anterior Deltoids, Triceps","Compound","Barbell, Incline Bench (30-45°)","Advanced","Upper","Push","Free Weight","1. Set bench to 30-45 degrees 2. Wide overhand grip 3. Unrack with spotter 4. Lower to upper chest 5. Press to lockout","1. 44° incline optimal for clavicular head 2. Targets upper chest fibers 3. Grip slightly wider than flat bench 4. Maintain scapular retraction 5. Controlled eccentric essential","Barnett C et al. (1995). Effects of bench press variations on EMG. J Strength Cond Res 9(4):222-227","Bodybuilding, Strength Sports","https://exrx.net/WeightExercises/PectoralClavicular/BBInclineBenchPress","https://www.jefit.com/exercises/8/barbell-incline-bench-press","[TBD]"
"Machine Chest Press","Pectoralis Major (sternal)","Triceps, Anterior Deltoids","Compound","Chest Press Machine","Beginner","Upper","Push","Fixed Resistance","1. Adjust seat height (handles at chest) 2. Grip handles 3. Press until arms extended 4. Control return to start 5. Avoid locking elbows","1. Fixed movement path 2. Reduced stabilizer demand 3. Safe for beginners 4. Consistent tension on chest 5. Can load heavier safely","Schoenfeld BJ et al. (2010). Mechanisms of muscle hypertrophy. J Strength Cond Res 24(10):2857-2872","Beginner Training, Bodybuilding, Rehabilitation","https://exrx.net/WeightExercises/PectoralSternal/LVChestPress","https://www.jefit.com/exercises/163/machine-bench-press","[TBD]"
"Pec Deck Machine","Pectoralis Major","Anterior Deltoid","Isolation","Pec Deck Machine","Beginner","Upper","Push","Fixed Resistance","1. Adjust seat height (arms level) 2. Place forearms on pads 3. Bring arms together 4. Squeeze at midline 5. Return with control","1. Fixed movement path 2. Reduced stabilizer demand 3. Easy to reach failure safely 4. Consistent tension 5. Ideal for burnout sets","Welsch EA et al. (2005). EMG activity during chest exercises. J Strength Cond Res 19(2):449-452","Bodybuilding, Beginner Training, Rehabilitation","https://exrx.net/WeightExercises/PectoralSternal/LVPecDeckFly","https://www.jefit.com/exercises/45/machine-fly","[TBD]"
"Conventional Deadlift","Erector Spinae, Gluteus Maximus, Hamstrings","Latissimus Dorsi, Trapezius, Quadriceps, Forearms","Compound","Barbell","Advanced","Upper","Pull","Free Weight","1. Feet hip-width, bar over mid-foot 2. Hip hinge, grip bar 3. Chest up, neutral spine 4. Drive through floor 5. Lockout hips and knees","1. Maintain neutral spine throughout 2. Lats engaged (bend bar cue) 3. Bar path vertical 4. Hip hinge pattern crucial 5. Proper bracing essential","Swinton PA et al. (2011). A biomechanical analysis of straight and hexagonal barbell deadlifts. J Strength Cond Res 25(7):2000-2009","Powerlifting, Strongman, General Strength","https://exrx.net/WeightExercises/ErectorSpinae/BBDeadlift","https://www.jefit.com/exercises/14/barbell-deadlift","[TBD]"
"Pull-Ups (Wide Grip)","Latissimus Dorsi","Biceps Brachii, Lower Trapezius, Rhomboids, Posterior Deltoid","Compound","Pull-Up Bar","Intermediate","Upper","Pull","Bodyweight","1. Grip bar wider than shoulders 2. Hang with arms extended 3. Pull chest to bar 4. Squeeze scapulae 5. Lower with control","1. Initiate with scapular depression 2. Lead with chest, not chin 3. Full ROM essential 4. Avoid kipping 5. Dead hang each rep","Youdas JW et al. (2010). Surface EMG comparison during pull-up variations. J Strength Cond Res 24(7):1941-1949","Gymnastics, CrossFit, Military, Climbing","https://exrx.net/WeightExercises/LatissimusDorsi/BWPullup","https://www.jefit.com/exercises/46/pull-up","[TBD]"
"Barbell Bent-Over Row","Latissimus Dorsi, Rhomboids, Middle Trapezius","Erector Spinae, Posterior Deltoid, Biceps","Compound","Barbell","Intermediate","Upper","Pull","Free Weight","1. Hip hinge 45° forward 2. Grip shoulder-width or wider 3. Row to lower ribcage 4. Squeeze scapulae 5. Lower with control","1. Maintain hip hinge position 2. Horizontal pull emphasis 3. Elbow path crucial 4. Avoid excessive momentum 5. Retract and depress scapulae","Fenwick CM et al. (2009). Comparison of different rowing exercises. Med Sci Sports Exerc 41(5):1265-1270","Rowing, Powerlifting, General Strength","https://exrx.net/WeightExercises/BackGeneral/BBBentOverRow","https://www.jefit.com/exercises/3/barbell-bent-over-row","[TBD]"
"Lat Pulldown (Front)","Latissimus Dorsi","Biceps Brachii, Lower Trapezius, Rhomboids","Compound","Lat Pulldown Machine","Beginner","Upper","Pull","Fixed Resistance","1. Secure thighs under pad 2. Grip bar wider than shoulders 3. Pull to upper chest 4. Lean back slightly (15°) 5. Control ascent","1. Initiate with scapular depression 2. Pull to clavicles, not waist 3. Elbows down and back 4. Avoid excessive lean 5. Squeeze lats at bottom","Andersen V et al. (2014). Muscle activation during pull-up variations. J Strength Cond Res 28(4):1135-1142","Bodybuilding, General Fitness","https://exrx.net/WeightExercises/LatissimusDorsi/CBFrontLatPulldown","https://www.jefit.com/exercises/157/lat-pulldown","[TBD]"
"Seated Cable Row","Latissimus Dorsi, Rhomboids, Middle Trapezius","Biceps, Posterior Deltoid, Erector Spinae","Compound","Cable Machine","Beginner","Upper","Pull","Cables","1. Sit with feet on platform 2. Grip handle, slight knee bend 3. Row to abdomen 4. Squeeze scapulae together 5. Extend arms fully","1. Torso upright throughout 2. Drive elbows back 3. Scapular retraction emphasis 4. Avoid excessive trunk movement 5. Full stretch at extension","Fenwick CM et al. (2009). EMG comparison of rowing exercises. Med Sci Sports Exerc 41(5):1265-1270","Rowing, Bodybuilding, Rehabilitation","https://exrx.net/WeightExercises/BackGeneral/CBSeatedRow","https://www.jefit.com/exercises/160/seated-cable-row","[TBD]"
"Single-Arm Dumbbell Row","Latissimus Dorsi, Rhomboids, Trapezius","Posterior Deltoid, Biceps, Core (anti-rotation)","Compound","Dumbbell, Bench","Intermediate","Upper","Pull","Free Weight","1. Hand and knee on bench 2. Dumbbell in opposite hand 3. Row to hip/ribcage 4. Squeeze at top 5. Lower with control","1. Unilateral anti-rotation demand 2. Greater ROM than barbell 3. Avoid trunk rotation 4. Pull to hip, not shoulder 5. Maintain neutral spine","Lehman GJ et al. (2004). Muscle recruitment patterns during the prone row. J Strength Cond Res 18(4):804-808","General Strength, Bodybuilding, Sports Performance","https://exrx.net/WeightExercises/BackGeneral/DBBentOverRow","https://www.jefit.com/exercises/33/one-arm-dumbbell-row","[TBD]"
"T-Bar Row","Latissimus Dorsi, Rhomboids, Middle Trapezius","Erector Spinae, Posterior Deltoid, Biceps","Compound","T-Bar Row Machine or Landmine","Intermediate","Upper","Pull","Free Weight","1. Straddle bar, hip hinge 2. Grip handles 3. Row to chest/abdomen 4. Squeeze scapulae 5. Lower to full extension","1. Neutral grip reduces bicep involvement 2. Thick back development 3. Heavy loading possible 4. Maintain hip hinge 5. Stable base crucial","Fenwick CM et al. (2009). EMG analysis of rowing variations. Med Sci Sports Exerc 41(5):1265-1270","Bodybuilding, Powerlifting","https://exrx.net/WeightExercises/BackGeneral/BBTBarRow","https://www.jefit.com/exercises/87/t-bar-row","[TBD]"
"Chin-Ups (Supinated Grip)","Latissimus Dorsi, Biceps Brachii","Lower Trapezius, Rhomboids, Brachialis","Compound","Pull-Up Bar","Intermediate","Upper","Pull","Bodyweight","1. Grip bar shoulder-width, palms facing 2. Hang at full extension 3. Pull chest to bar 4. Squeeze back muscles 5. Lower 3 seconds","1. Greater bicep activation vs pull-ups 2. Slightly easier than pull-ups 3. Full ROM critical 4. Scapular mechanics key 5. Avoid momentum","Youdas JW et al. (2010). EMG of pull-up variations. J Strength Cond Res 24(7):1941-1949","Gymnastics, Climbing, General Fitness","https://exrx.net/WeightExercises/LatissimusDorsi/BWUnderhandChinup","https://www.jefit.com/exercises/23/chin-up","[TBD]"
"Face Pulls","Posterior Deltoid, Rhomboids, Middle/Lower Trapezius","Rotator Cuff, Upper Trapezius","Isolation","Cable Machine with Rope","Beginner","Upper","Pull","Cables","1. Set cable at upper height 2. Grip rope, thumbs to chest 3. Pull to face level 4. External rotation at end 5. Squeeze scapulae","1. Shoulder health exercise 2. External rotation crucial 3. High rep ranges effective 4. Pull apart at finish 5. Retraction emphasis","Schoenfeld BJ et al. (2013). Effects of varied resistance training protocols. J Strength Cond Res 27(8):2240-2249","Overhead Athletes, Shoulder Rehabilitation","https://exrx.net/WeightExercises/DeltoidPosterior/CBRearDeltRow","https://www.jefit.com/exercises/1059/cable-face-pull","[TBD]"
"Inverted Bodyweight Row","Latissimus Dorsi, Rhomboids, Trapezius","Biceps, Posterior Deltoid, Core","Compound","Barbell in Rack or TRX","Beginner","Upper","Pull","Bodyweight","1. Grip bar, body under it 2. Body straight, heels on ground 3. Pull chest to bar 4. Squeeze scapulae 5. Lower with control","1. Scalable by bar height 2. Scapular mechanics identical 3. Core engagement throughout 4. Regression for pull-ups 5. High rep capacity","Contreras B et al. (2013). Comparison of upper body exercises. J Strength Cond Res 27(5):1302-1309","Calisthenics, Beginner Training, Rehabilitation","https://exrx.net/WeightExercises/BackGeneral/BWSupineRow","https://www.jefit.com/exercises/170/inverted-row","[TBD]"
"Barbell Overhead Press","Anterior/Medial Deltoid","Triceps, Upper Trapezius, Serratus Anterior, Upper Pectoralis","Compound","Barbell","Intermediate","Upper","Push","Free Weight","1. Bar at clavicles, hands shoulder-width 2. Brace core, press overhead 3. Lock out fully 4. Lower to clavicles 5. Maintain vertical bar path","1. Full overhead lockout essential 2. Avoid excessive low back arch 3. Squeeze glutes for stability 4. Bar path around face 5. Greater stabilizer demand than dumbbell","Saeterbakken AH et al. (2013). Effects of body position and loading modality on muscle activity during shoulder exercises. J Strength Cond Res 27(7):1824-1831","Olympic Lifting, Strongman, CrossFit, Military","https://exrx.net/WeightExercises/Deltoid Anterior/BBMilitaryPress","https://www.jefit.com/exercises/11/military-press","[TBD]"
"Dumbbell Lateral Raise","Medial Deltoid","Anterior Deltoid, Supraspinatus, Upper Trapezius","Isolation","Dumbbells","Beginner","Upper","Push","Free Weight","1. Stand with dumbbells at sides 2. Slight forward lean 3. Raise to shoulder height 4. Slight bend in elbows 5. Lower with control","1. Neutral or internal rotation thumb position 2. Control eccentric 3 sec 3. Stop at shoulder height 4. Avoid momentum/swinging 5. Scapular stability crucial","Campos YAC et al. (2020). Different shoulder exercises and EMG activity. J Hum Kinet 75:5-14","Bodybuilding, Shoulder Development, Aesthetic Sports","https://exrx.net/WeightExercises/DeltoidLateral/DBLateralRaise","https://www.jefit.com/exercises/38/dumbbell-lateral-raise","[TBD]"
"Seated Dumbbell Press","Anterior/Medial Deltoid","Triceps, Upper Trapezius, Serratus Anterior","Compound","Dumbbells, Bench with Back Support","Beginner","Upper","Push","Free Weight","1. Sit with back support 2. Dumbbells at shoulder height 3. Press overhead 4. Lock out at top 5. Lower to shoulders","1. Greater ROM than barbell 2. Independent arm movement 3. Reduced stability demand 4. Converge slightly at top 5. Controlled tempo (2-0-2-1)","Saeterbakken AH et al. (2013). Muscle activity during shoulder press variations. J Strength Cond Res 27(7):1824-1831","Bodybuilding, General Strength","https://exrx.net/WeightExercises/DeltoidAnterior/DBShoulderPress","https://www.jefit.com/exercises/39/dumbbell-shoulder-press","[TBD]"
"Cable Lateral Raise","Medial Deltoid","Anterior Deltoid, Supraspinatus","Isolation","Cable Machine","Intermediate","Upper","Push","Cables","1. Cable at low position, opposite hand 2. Stand perpendicular to machine 3. Raise across body to shoulder height 4. Control descent 5. Repeat other side","1. Constant tension advantage 2. Unilateral focus 3. Reduced momentum capability 4. Peak contraction at top 5. Smooth arc motion","Schoenfeld BJ et al. (2010). Mechanisms of muscle hypertrophy. J Strength Cond Res 24(10):2857-2872","Bodybuilding, Hypertrophy Training","https://exrx.net/WeightExercises/DeltoidLateral/CBLateralRaise","https://www.jefit.com/exercises/1034/one-arm-cable-lateral-raise","[TBD]"
"Arnold Press","Anterior/Medial Deltoid","Triceps, Rotator Cuff, Upper Trapezius","Compound","Dumbbells","Advanced","Upper","Push","Free Weight","1. Start palms facing, dumbbells at chin 2. Press and rotate to neutral 3. Full overhead lockout 4. Reverse rotation descending 5. Return to start position","1. Rotation engages multiple angles 2. Greater anterior delt activation 3. Continuous tension 4. Requires shoulder mobility 5. Moderate loads recommended","Paoli A et al. (2010). Effect of different variations on muscle activation. J Sports Med Phys Fitness 50(3):319-323","Bodybuilding, Functional Training","https://exrx.net/WeightExercises/DeltoidAnterior/DBArnoldPress","https://www.jefit.com/exercises/124/arnold-dumbbell-press","[TBD]"
"Front Raise","Anterior Deltoid","Medial Deltoid, Clavicular Pectoralis, Serratus Anterior","Isolation","Dumbbells or Weight Plate","Beginner","Upper","Push","Free Weight","1. Stand with weights at thighs 2. Raise to eye level 3. Slight bend in elbows 4. Control descent 5. Alternate or both arms","1. Stop at shoulder/eye level 2. Avoid momentum 3. Eccentric control crucial 4. Neutral or pronated grip 5. Often redundant with pressing","Campos YAC et al. (2020). EMG activity in shoulder exercises. J Hum Kinet 75:5-14","Bodybuilding, Shoulder Aesthetics","https://exrx.net/WeightExercises/DeltoidAnterior/DBFrontRaise","https://www.jefit.com/exercises/42/front-dumbbell-raise","[TBD]"
"Reverse Pec Deck","Posterior Deltoid","Rhomboids, Middle Trapezius, Infraspinatus","Isolation","Pec Deck Machine (Reverse)","Beginner","Upper","Pull","Fixed Resistance","1. Face machine, chest on pad 2. Grip handles 3. Fly outward to horizontal 4. Squeeze scapulae 5. Return with control","1. Fixed movement path 2. Excellent rear delt isolation 3. Minimal momentum possible 4. Protract to stretch 5. Retract to contract","Schoenfeld BJ et al. (2013). Muscle activation patterns. J Strength Cond Res 27(8):2240-2249","Bodybuilding, Shoulder Balance","https://exrx.net/WeightExercises/DeltoidPosterior/LVRearDeltFly","https://www.jefit.com/exercises/163/reverse-pec-deck","[TBD]"
"Pike Push-Up","Anterior/Medial Deltoid","Triceps, Serratus Anterior, Upper Trapezius","Compound","Bodyweight","Intermediate","Upper","Push","Bodyweight","1. Start in downward dog position 2. Hands shoulder-width 3. Lower head to floor 4. Press back up 5. Maintain pike position","1. Progression to handstand push-up 2. Greater shoulder emphasis than regular push-up 3. Scalable by elevation 4. Core stability demand 5. Vertical pressing pattern","Borreani S et al. (2015). Muscle activation during push-up variations. J Strength Cond Res 29(1):265-275","Calisthenics, CrossFit, Gymnastics","https://exrx.net/WeightExercises/DeltoidAnterior/BWPikePushup","https://www.jefit.com/exercises/1127/pike-push-up","[TBD]"
"Landmine Press","Anterior/Medial Deltoid","Triceps, Serratus Anterior, Core (anti-rotation)","Compound","Barbell in Landmine or Corner","Intermediate","Upper","Push","Free Weight","1. Load one end of barbell 2. Press at angle overhead 3. Slight rotation acceptable 4. Control descent 5. Alternate sides","1. Shoulder-friendly pressing angle 2. Anti-rotation core demand 3. Unilateral instability 4. Natural arc motion 5. Excellent for shoulder health","Calatayud J et al. (2016). Muscle activity levels in shoulder exercises. Sports Biomech 15(1):42-53","Functional Training, Rehabilitation, Athletic Performance","https://exrx.net/WeightExercises/DeltoidAnterior/BBLandminePress","https://www.jefit.com/exercises/1188/landmine-press","[TBD]"
"Face Pulls with External Rotation","Posterior Deltoid, Infraspinatus, Teres Minor","Rhomboids, Middle Trapezius, Supraspinatus","Isolation","Cable with Rope Attachment","Beginner","Upper","Pull","Cables","1. Cable at face height 2. Pull rope to face 3. Externally rotate at end 4. Hands beside ears 5. Control return","1. Critical for shoulder health 2. External rotation component key 3. High volume tolerated 4. Scapular retraction emphasis 5. Pull apart rope at finish","Schoenfeld BJ et al. (2013). Training protocols and muscle activation. J Strength Cond Res 27(8):2240-2249","Baseball, Swimming, Throwing Athletes, Shoulder Prehab","https://exrx.net/WeightExercises/DeltoidPosterior/CBRearDeltRow","https://www.jefit.com/exercises/1059/cable-face-pull","[TBD]"
"Barbell Bicep Curl","Biceps Brachii (both heads)","Brachialis, Brachioradialis, Forearm Flexors","Isolation","Barbell (Straight or EZ)","Beginner","Upper","Pull","Free Weight","1. Stand with barbell at thighs 2. Supinated grip shoulder-width 3. Curl to shoulders 4. Squeeze at top 5. Lower with control","1. Fixed wrist supination 2. Avoid momentum/swinging 3. Elbows stationary 4. Full ROM crucial 5. Eccentric control 3 sec","Marcolin G et al. (2018). EMG analysis of biceps exercises. Eur J Appl Physiol 118(2):371-380","Bodybuilding, General Arm Development","[TBD]","[TBD]","[TBD]"
"Dumbbell Hammer Curl","Brachialis, Brachioradialis","Biceps Brachii (short head), Forearm Muscles","Isolation","Dumbbells","Beginner","Upper","Pull","Free Weight","1. Stand with dumbbells at sides 2. Neutral grip (palms facing) 3. Curl to shoulders 4. Squeeze at top 5. Lower with control","1. Neutral grip emphasizes brachialis 2. Builds arm thickness 3. Easier on wrists 4. Can alternate or simultaneous 5. Forearm development","Boeckh-Behrens WU, Buskies W (2000). Fitness Strength Training: The Best Exercises and Methods for Sport and Health. Rowohlt Taschenbuch Verlag","Climbing, General Strength, Arm Size","[TBD]","[TBD]","[TBD]"
"Preacher Curl (EZ Bar)","Biceps Brachii (short head emphasis)","Brachialis","Isolation","EZ Curl Bar, Preacher Bench","Intermediate","Upper","Pull","Free Weight","1. Sit at preacher bench 2. Arms over pad, fully extended 3. Curl bar to shoulders 4. Peak contraction 5. Lower to full extension","1. Eliminates momentum completely 2. Constant tension on biceps 3. Short head emphasis 4. Full stretch at bottom 5. Controlled eccentric critical","Oliveira LF et al. (2009). EMG activity of biceps during curl variations. J Strength Cond Res 23(7):2045-2050","Bodybuilding, Bicep Peak Development","[TBD]","[TBD]","[TBD]"
"Cable Bicep Curl","Biceps Brachii, Brachialis","Brachioradialis, Forearm Flexors","Isolation","Cable Machine with Bar Attachment","Beginner","Upper","Pull","Cables","1. Stand facing cable machine 2. Grip bar, arms extended 3. Curl to shoulders 4. Squeeze biceps 5. Control descent","1. Constant tension throughout 2. Adjustable resistance curve 3. Bilateral or unilateral 4. Excellent pump effect 5. Reduced cheating capability","Boeckh-Behrens WU, Buskies W (2000). Strength training exercise analysis. Rowohlt Taschenbuch Verlag","Bodybuilding, Hypertrophy Training","[TBD]","[TBD]","[TBD]"
"Concentration Curl","Biceps Brachii (short head)","Brachialis","Isolation","Dumbbell","Intermediate","Upper","Pull","Free Weight","1. Sit, elbow against inner thigh 2. Arm fully extended 3. Curl to shoulder 4. Peak contraction hold 5. Lower slowly","1. Maximum isolation possible 2. Minimal momentum 3. Strong mind-muscle connection 4. Unilateral focus 5. Short head activation","Oliveira LF et al. (2009). EMG comparison of curl exercises. J Strength Cond Res 23(7):2045-2050","Bodybuilding, Isolation Work","[TBD]","[TBD]","[TBD]"
"Chin-Up (Bicep Focus)","Biceps Brachii, Brachialis","Latissimus Dorsi, Lower Trapezius, Posterior Deltoid","Compound","Pull-Up Bar","Intermediate","Upper","Pull","Bodyweight","1. Supinated grip shoulder-width 2. Hang at full extension 3. Pull chest to bar 4. Squeeze biceps at top 5. Lower 3 seconds","1. Compound arm builder 2. Heavy load on biceps 3. Full body tension 4. Supinated grip crucial 5. Dead hang each rep","Youdas JW et al. (2010). EMG during pull-up variations. J Strength Cond Res 24(7):1941-1949","Calisthenics, Functional Strength, Military","[TBD]","[TBD]","[TBD]"
"Incline Dumbbell Curl","Biceps Brachii (long head emphasis)","Brachialis, Brachioradialis","Isolation","Dumbbells, Incline Bench (45-60°)","Advanced","Upper","Pull","Free Weight","1. Sit on incline bench 2. Arms hanging perpendicular to floor 3. Curl alternating or together 4. Squeeze at top 5. Lower to full extension","1. Maximizes bicep stretch 2. Long head emphasis 3. Reduced momentum capability 4. Greater ROM 5. Supination throughout","Marcolin G et al. (2018). EMG of biceps curl variations. Eur J Appl Physiol 118(2):371-380","Bodybuilding, Bicep Length Development","[TBD]","[TBD]","[TBD]"
"Cable Hammer Curl (Rope)","Brachialis, Brachioradialis","Biceps Brachii, Forearm Muscles","Isolation","Cable Machine with Rope Attachment","Intermediate","Upper","Pull","Cables","1. Face cable machine 2. Grip rope ends, neutral grip 3. Curl to shoulders 4. Squeeze 5. Control descent","1. Constant tension on brachialis 2. Can pull rope apart at top 3. Neutral grip maintained 4. Excellent brachialis builder 5. Smooth resistance curve","Boeckh-Behrens WU, Buskies W (2000). Exercise analysis for strength training. Rowohlt Taschenbuch Verlag","Bodybuilding, Arm Thickness","[TBD]","[TBD]","[TBD]"
"Spider Curl","Biceps Brachii (short head)","Brachialis","Isolation","EZ Bar or Dumbbells, Preacher Bench (Reverse Side)","Advanced","Upper","Pull","Free Weight","1. Lie prone on incline preacher bench 2. Arms hanging vertical 3. Curl to peak contraction 4. Squeeze hard 5. Lower with control","1. Eliminates all momentum 2. Constant tension 3. Short head emphasis 4. Peak contraction focused 5. Arms perpendicular to floor","Oliveira LF et al. (2009). EMG activity in biceps exercises. J Strength Cond Res 23(7):2045-2050","Bodybuilding, Advanced Training","[TBD]","[TBD]","[TBD]"
"Reverse Barbell Curl","Brachioradialis, Brachialis","Biceps Brachii, Wrist Extensors","Isolation","Barbell (Straight or EZ)","Intermediate","Upper","Pull","Free Weight","1. Stand with pronated grip 2. Barbell at thighs 3. Curl to shoulders 4. Squeeze forearms 5. Lower with control","1. Forearm and brachialis emphasis 2. Builds arm thickness 3. Wrist extensor engagement 4. Lighter loads required 5. Improves grip strength","Boeckh-Behrens WU, Buskies W (2000). Strength training exercises. Rowohlt Taschenbuch Verlag","Rock Climbing, Grip Sports, Arm Development","[TBD]","[TBD]","[TBD]"
"Close-Grip Bench Press","Triceps Brachii (all heads)","Pectoralis Major, Anterior Deltoid","Compound","Barbell, Flat Bench","Intermediate","Upper","Push","Free Weight","1. Lie on bench, grip inside shoulder-width 2. Unrack bar 3. Lower to lower chest 4. Press to lockout 5. Elbows closer to body","1. Hands 12-16 inches apart 2. Elbows 30-45° from body 3. Heavy load capacity 4. Mass builder for triceps 5. Maintain wrist alignment","Lehman GJ (2005). Grip width effects on muscle activity. J Strength Cond Res 19(3):587-591","Powerlifting, Strongman, Press Sports","[TBD]","[TBD]","[TBD]"
"Overhead Dumbbell Extension","Triceps Brachii (long head emphasis)","Lateral/Medial Heads","Isolation","Dumbbell","Beginner","Upper","Push","Free Weight","1. Sit or stand, dumbbell overhead 2. Lower behind head 3. Deep stretch position 4. Extend to lockout 5. Control descent","1. Long head maximal stretch 2. Elbow position fixed 3. Overhead position crucial 4. Full ROM essential 5. Controlled eccentric","Boeckh-Behrens WU, Buskies W (2000). Fitness strength training exercises. Rowohlt Taschenbuch Verlag","Bodybuilding, Overhead Athletes","[TBD]","[TBD]","[TBD]"
"Tricep Pushdown (Straight Bar)","Triceps Brachii (lateral head emphasis)","Medial/Long Heads, Anconeus","Isolation","Cable Machine with Straight Bar","Beginner","Upper","Push","Cables","1. Face cable machine, bar at chest 2. Elbows at sides 3. Push down to full extension 4. Squeeze triceps 5. Control return","1. Elbows stationary 2. Lateral head activation 3. Full lockout crucial 4. Avoid leaning forward 5. High rep tolerance","Boeckh-Behrens WU, Buskies W (2000). Exercise analysis. Rowohlt Taschenbuch Verlag","Bodybuilding, General Tricep Development","[TBD]","[TBD]","[TBD]"
"Dips (Tricep Emphasis)","Triceps Brachii","Pectoralis Major, Anterior Deltoid","Compound","Parallel Bars","Intermediate","Upper","Push","Bodyweight","1. Grip bars shoulder-width 2. Remain upright (not leaning) 3. Lower until 90° elbow bend 4. Press to lockout 5. Elbows close to body","1. Upright torso = tricep focus 2. Heavy loading possible 3. Full ROM essential 4. Can add weight belt 5. Mass builder exercise","Gołaś A et al. (2017). Analysis of compound exercises. J Strength Cond Res 31(11):3033-3038","Calisthenics, Gymnastics, Powerlifting","[TBD]","[TBD]","[TBD]"
"Skull Crushers","Triceps Brachii (all heads)","Anconeus","Isolation","EZ Bar or Dumbbells, Flat Bench","Intermediate","Upper","Push","Free Weight","1. Lie flat, bar at forehead level 2. Lower bar to forehead/behind head 3. Extend to arms vertical 4. Elbows fixed position 5. Control eccentric","1. Upper arms perpendicular to floor 2. Elbows stay fixed 3. Can lower past forehead 4. Moderate weights safer 5. Long head stretch","Boeckh-Behrens WU, Buskies W (2000). Strength training methods. Rowohlt Taschenbuch Verlag","Bodybuilding, Tricep Mass","[TBD]","[TBD]","[TBD]"
"Diamond Push-Ups","Triceps Brachii","Pectoralis Major (sternal), Anterior Deltoid, Core","Compound","Bodyweight","Intermediate","Upper","Push","Bodyweight","1. Hands form diamond shape 2. Body straight line 3. Lower chest to hands 4. Press to lockout 5. Maintain form","1. Hands directly under chest 2. Greater tricep activation 3. Elbows close to body 4. Challenging bodyweight exercise 5. Core engagement crucial","Cogley RM et al. (2005). EMG of push-up variations. J Strength Cond Res 19(3):628-633","Calisthenics, Military, Home Training","[TBD]","[TBD]","[TBD]"
"Cable Overhead Tricep Extension","Triceps Brachii (long head)","Lateral/Medial Heads","Isolation","Cable Machine with Rope","Advanced","Upper","Push","Cables","1. Face away from cable 2. Rope behind head 3. Extend overhead 4. Full lockout 5. Control return","1. Constant tension on long head 2. Walk forward for stretch 3. Elbows forward 4. Full extension crucial 5. Can split rope at top","Boeckh-Behrens WU, Buskies W (2000). Fitness exercises. Rowohlt Taschenbuch Verlag","Bodybuilding, Long Head Development","[TBD]","[TBD]","[TBD]"
"Kickbacks (Dumbbell)","Triceps Brachii (long head)","Lateral/Medial Heads, Posterior Deltoid","Isolation","Dumbbells, Bench","Beginner","Upper","Push","Free Weight","1. Support with one hand on bench 2. Upper arm parallel to floor 3. Extend forearm back 4. Squeeze at lockout 5. Control descent","1. Upper arm stationary 2. Full extension critical 3. Light weight, high reps 4. Mind-muscle connection 5. Unilateral focus","Boeckh-Behrens WU, Buskies W (2000). Exercise methods. Rowohlt Taschenbuch Verlag","Bodybuilding, Isolation Work","[TBD]","[TBD]","[TBD]"
"Tricep Pushdown (Rope)","Triceps Brachii (lateral head)","Medial/Long Heads","Isolation","Cable Machine with Rope Attachment","Beginner","Upper","Push","Cables","1. Face cable machine 2. Grip rope ends 3. Push down and apart 4. Full extension with split 5. Control return","1. Pull rope apart at bottom 2. Lateral head emphasis 3. Full elbow extension 4. Elbows stationary 5. Squeeze contraction","Boeckh-Behrens WU, Buskies W (2000). Strength training analysis. Rowohlt Taschenbuch Verlag","Bodybuilding, Tricep Definition","[TBD]","[TBD]","[TBD]"
"Bench Dips","Triceps Brachii","Pectoralis Major (lower), Anterior Deltoid","Compound","Two Benches or Boxes","Beginner","Upper","Push","Bodyweight","1. Hands on bench behind you 2. Feet on bench in front 3. Lower body between benches 4. Press back up 5. Can add weight on lap","1. Shoulder-friendly angle 2. Scalable difficulty 3. Bodyweight or loaded 4. Full ROM beneficial 5. Keep shoulders back","Schoenfeld BJ et al. (2011). EMG of bodyweight exercises. J Strength Cond Res 25(12):3328-3336","Calisthenics, Home Training, General Fitness","[TBD]","[TBD]","[TBD]"
"Back Squat","Quadriceps, Gluteus Maximus, Hamstrings","Erector Spinae, Core, Adductors","Compound","Barbell, Squat Rack","Advanced","Lower","Push","Free Weight","1. Bar on upper traps 2. Feet shoulder-width 3. Descend to parallel or below 4. Drive through midfoot 5. Maintain neutral spine","1. Hip and knee hinge simultaneously 2. Depth crucial for development 3. Knees track over toes 4. Maintain upright torso 5. Brace core throughout","Schoenfeld BJ (2010). Squat biomechanics and muscle activation. J Strength Cond Res 24(10):2857-2872","Powerlifting, Olympic Lifting, All Sports","[TBD]","[TBD]","[TBD]"
"Front Squat","Quadriceps (vastus medialis, lateralis, intermedius)","Gluteus Maximus, Core, Erector Spinae","Compound","Barbell, Squat Rack","Advanced","Lower","Push","Free Weight","1. Bar on front delts, fingers under bar 2. Elbows high 3. Descend upright 4. Drive through full foot 5. Maintain torso position","1. More upright than back squat 2. Greater quad emphasis 3. Reduced spinal loading 4. Mobility demanding 5. Core stability crucial","Gullett JC et al. (2009). Biomechanical comparison of back and front squats. J Strength Cond Res 23(1):284-292","Olympic Lifting, CrossFit, Athletic Performance","[TBD]","[TBD]","[TBD]"
"Leg Press","Quadriceps, Gluteus Maximus","Hamstrings, Adductors","Compound","Leg Press Machine","Beginner","Lower","Push","Fixed Resistance","1. Feet shoulder-width on platform 2. Lower to 90° knee bend 3. Press through full foot 4. Controlled tempo 5. Don't lock knees hard","1. Foot position alters emphasis 2. High foot = glutes, low = quads 3. Back stays on pad 4. Full ROM beneficial 5. Heavy loading safe","Escamilla RF et al. (2001). Biomechanics of the leg press. Med Sci Sports Exerc 33(1):127-141","Bodybuilding, Rehabilitation, Beginner Training","[TBD]","[TBD]","[TBD]"
"Bulgarian Split Squat","Quadriceps, Gluteus Maximus","Hamstrings, Adductors, Hip Stabilizers","Compound","Dumbbells or Barbell, Bench","Intermediate","Lower","Push","Free Weight","1. Rear foot elevated on bench 2. Front foot 2-3 feet forward 3. Descend until front thigh parallel 4. Drive through front foot 5. Maintain upright torso","1. Unilateral leg developer 2. Greater ROM than regular squats 3. Balance and stability demand 4. Correct balance asymmetries 5. Front shin should be vertical","McCurdy KW et al. (2010). Comparison of split squat variations. J Strength Cond Res 24(2):502-510","Athletic Performance, Unilateral Strength, Functional Training","[TBD]","[TBD]","[TBD]"
"Walking Lunges","Quadriceps, Gluteus Maximus","Hamstrings, Adductors, Core (stability)","Compound","Dumbbells, Barbell, or Bodyweight","Beginner","Lower","Push","Free Weight","1. Step forward into lunge 2. Both knees 90° 3. Drive through front foot 4. Step forward with rear leg 5. Continue alternating","1. Dynamic movement pattern 2. Greater glute activation than static 3. Functional carryover 4. Balance component 5. Hip flexor stretch","Farrokhi S et al. (2008). Biomechanics of lunge variations. Clin Biomech 23(7):881-891","Sports Performance, Functional Training, General Fitness","[TBD]","[TBD]","[TBD]"
"Leg Extension","Quadriceps (all four heads)","None (isolation)","Isolation","Leg Extension Machine","Beginner","Lower","Push","Fixed Resistance","1. Sit with back against pad 2. Shins behind roller pad 3. Extend legs to full lockout 4. Squeeze quads at top 5. Lower with control","1. True quad isolation 2. Full lockout crucial 3. Adjust pad position 4. Controlled eccentric 5. Caution with knee issues","Escamilla RF et al. (1998). Knee biomechanics during leg extension. Med Sci Sports Exerc 30(10):1565-1573","Bodybuilding, Rehabilitation, Quad Development","[TBD]","[TBD]","[TBD]"
"Goblet Squat","Quadriceps, Gluteus Maximus","Hamstrings, Core, Upper Back","Compound","Dumbbell or Kettlebell","Beginner","Lower","Push","Free Weight","1. Hold weight at chest 2. Feet shoulder-width or wider 3. Descend between legs 4. Elbows push knees out 5. Drive up through full foot","1. Teaching tool for squat pattern 2. Promotes upright torso 3. Hip mobility developer 4. Counter-balance effect 5. Beginner friendly","McGill SM et al. (2015). Squat variations and spine loads. J Strength Cond Res 29(7):1983-1990","General Fitness, Beginner Training, Movement Pattern","[TBD]","[TBD]","[TBD]"
"Hack Squat (Machine)","Quadriceps (vastus lateralis, medialis)","Gluteus Maximus, Hamstrings","Compound","Hack Squat Machine","Intermediate","Lower","Push","Fixed Resistance","1. Back against pad, feet on platform 2. Lower by bending knees 3. Descend to 90° or below 4. Press through full foot 5. Controlled tempo","1. Fixed movement path 2. Excellent quad builder 3. Reduced stability demand 4. Safe for heavy loads 5. Foot position variations","Escamilla RF et al. (2001). Machine exercise biomechanics. Med Sci Sports Exerc 33(1):127-141","Bodybuilding, Quad Mass","[TBD]","[TBD]","[TBD]"
"Sissy Squat","Quadriceps (rectus femoris emphasis)","Hip Flexors","Isolation","Bodyweight or Light Weight","Advanced","Lower","Push","Bodyweight","1. Hold support, feet close together 2. Lean back while bending knees 3. Lower while maintaining lean 4. Return to start 5. Challenging knee flexion","1. Advanced bodyweight exercise 2. Extreme quad stretch 3. Knee-dominant pattern 4. Requires ankle mobility 5. Start with partial ROM","Schoenfeld BJ (2010). Mechanisms of hypertrophy. J Strength Cond Res 24(10):2857-2872","Bodybuilding, Advanced Quad Training","[TBD]","[TBD]","[TBD]"
"Step-Ups","Quadriceps, Gluteus Maximus","Hamstrings, Hip Stabilizers, Adductors","Compound","Dumbbells or Barbell, Box/Bench","Beginner","Lower","Push","Free Weight","1. Place foot on elevated surface 2. Drive through elevated foot 3. Stand fully on box 4. Lower with control 5. Repeat before switching","1. Unilateral developer 2. Functional movement pattern 3. Box height determines emphasis 4. Higher = more glutes 5. Balance component","Farrokhi S et al. (2008). Muscle activity during step exercises. Clin Biomech 23(7):881-891","Sports Performance, Rehabilitation, Functional Fitness","[TBD]","[TBD]","[TBD]"
"Romanian Deadlift (RDL)","Hamstrings, Gluteus Maximus","Erector Spinae, Lats, Forearms","Compound","Barbell or Dumbbells","Intermediate","Lower","Pull","Free Weight","1. Stand with barbell at thighs 2. Slight knee bend (fixed) 3. Hip hinge, lower bar to mid-shin 4. Feel hamstring stretch 5. Drive hips forward","1. Emphasis on eccentric hamstring 2. Bar stays close to legs 3. Neutral spine throughout 4. Stretch crucial for growth 5. Hip hinge, not squat","McAllister MJ et al. (2014). Muscle activation during deadlift variations. J Strength Cond Res 28(7):1909-1918","Olympic Lifting, Powerlifting, Athletic Performance","[TBD]","[TBD]","[TBD]"
"Hip Thrust (Barbell)","Gluteus Maximus","Hamstrings, Adductors, Core","Isolation","Barbell, Bench","Intermediate","Lower","Push","Free Weight","1. Upper back on bench 2. Bar over hips (padded) 3. Feet flat, shoulder-width 4. Thrust hips up to parallel 5. Squeeze glutes at top","1. Peak glute activation exercise 2. Full hip extension crucial 3. Posterior pelvic tilt at top 4. Hold contraction 2 sec 5. Heavy loads tolerated","Contreras B et al. (2015). EMG comparison of gluteal exercises. J Strength Cond Res 29(4):1056-1066","Sprinting, Jumping, Glute Development, Athletics","[TBD]","[TBD]","[TBD]"
"Nordic Hamstring Curl","Hamstrings (biceps femoris, semitendinosus, semimembranosus)","Gastrocnemius, Gluteus Maximus","Isolation","Partner or Anchor Point","Advanced","Lower","Pull","Bodyweight","1. Kneel with ankles secured 2. Maintain straight line hip to head 3. Lower forward with control 4. Use hands to catch 5. Push back to start","1. Eccentric hamstring emphasis 2. Injury prevention benefits 3. Extremely challenging 4. Band assistance for beginners 5. Control descent 5+ sec","Mjølsnes R et al. (2004). 10-week Nordic hamstring study. Am J Sports Med 32(6):1459-1467","Soccer, Sprinting, Hamstring Injury Prevention","[TBD]","[TBD]","[TBD]"
"Lying Leg Curl","Hamstrings","Gastrocnemius, Gluteus Maximus","Isolation","Leg Curl Machine","Beginner","Lower","Pull","Fixed Resistance","1. Lie prone on machine 2. Ankles behind roller pad 3. Curl to maximal flexion 4. Squeeze hamstrings 5. Lower with control","1. True hamstring isolation 2. Full ROM essential 3. Hips stay on pad 4. Controlled eccentric 3 sec 5. Point toes for calf reduction","Wright GA et al. (1999). EMG of hamstring exercises. J Strength Cond Res 13(4):370-375","Bodybuilding, Hamstring Development","[TBD]","[TBD]","[TBD]"
"Glute-Ham Raise","Hamstrings, Gluteus Maximus","Erector Spinae, Gastrocnemius","Compound","Glute-Ham Developer (GHD)","Advanced","Lower","Pull","Fixed Resistance","1. Secure feet in GHD 2. Start horizontal 3. Lower torso down 4. Curl back to horizontal 5. Use hands if needed","1. Combines knee and hip extension 2. Full hamstring function 3. Extremely challenging 4. Band assistance helpful 5. Eccentric strength builder","Ebben WP (2009). Hamstring activation during exercises. Int J Sports Physiol Perform 4(1):84-96","Athletic Performance, Strength Sports","[TBD]","[TBD]","[TBD]"
"Single-Leg Romanian Deadlift","Hamstrings, Gluteus Maximus","Erector Spinae, Hip Stabilizers, Core","Compound","Dumbbell or Kettlebell","Intermediate","Lower","Pull","Free Weight","1. Stand on one leg 2. Slight knee bend 3. Hinge at hip, extend free leg back 4. Lower weight to shin 5. Drive through standing leg","1. Unilateral balance demand 2. Anti-rotation core work 3. Hip stability crucial 4. Functional movement 5. Addresses asymmetries","McCurdy K et al. (2014). Single-leg deadlift biomechanics. J Strength Cond Res 28(5):1385-1392","Athletic Performance, Balance, Functional Training","[TBD]","[TBD]","[TBD]"
"Cable Pull-Through","Gluteus Maximus, Hamstrings","Erector Spinae, Core","Compound","Cable Machine with Rope","Beginner","Lower","Pull","Cables","1. Face away from cable 2. Rope between legs 3. Hip hinge forward 4. Drive hips through 5. Squeeze glutes at finish","1. Hip hinge teaching tool 2. Constant tension on glutes 3. Reduced technical demand 4. Glute activation focus 5. High rep tolerance","Contreras B et al. (2015). EMG of hip extension exercises. J Strength Cond Res 29(4):1056-1066","Hip Hinge Pattern, Glute Development","[TBD]","[TBD]","[TBD]"
"Sumo Deadlift","Gluteus Maximus, Adductors, Quadriceps","Hamstrings, Erector Spinae, Lats","Compound","Barbell","Advanced","Lower","Pull","Free Weight","1. Wide stance, toes out 45° 2. Grip inside knees 3. Chest up, neutral spine 4. Drive through full foot 5. Lock out hips","1. More quad/glute dominant 2. Reduced spinal loading 3. Shorter bar path 4. Adductor emphasis 5. Mobility dependent","Escamilla RF et al. (2002). Sumo vs conventional deadlift. Med Sci Sports Exerc 34(4):682-688","Powerlifting, Strength Sports","[TBD]","[TBD]","[TBD]"
"Good Morning","Hamstrings, Gluteus Maximus, Erector Spinae","Adductors, Lats","Compound","Barbell","Intermediate","Lower","Pull","Free Weight","1. Bar on upper back 2. Slight knee bend (fixed) 3. Hip hinge forward 4. Feel hamstring stretch 5. Drive hips forward","1. Posterior chain developer 2. Similar to RDL but bar position differs 3. Lighter loads recommended 4. Hip hinge pattern 5. Neutral spine crucial","McAllister MJ et al. (2014). Posterior chain exercise EMG. J Strength Cond Res 28(7):1909-1918","Powerlifting, Posterior Chain Strength","[TBD]","[TBD]","[TBD]"
"Seated Leg Curl","Hamstrings (short head emphasis)","Gastrocnemius","Isolation","Seated Leg Curl Machine","Beginner","Lower","Pull","Fixed Resistance","1. Sit with thighs secured 2. Ankles on roller pad 3. Curl heels toward glutes 4. Squeeze hamstrings 5. Return with control","1. Hip flexion pre-stretches hamstrings 2. Greater ROM than lying version 3. Isolated hamstring work 4. Controlled tempo 5. Full contraction crucial","Wright GA et al. (1999). Hamstring exercise EMG comparison. J Strength Cond Res 13(4):370-375","Bodybuilding, Hamstring Isolation","[TBD]","[TBD]","[TBD]"
"Plank (Front)","Rectus Abdominis, Transverse Abdominis","Erector Spinae, Obliques, Shoulders","Isolation","Bodyweight","Beginner","Core","Static","Bodyweight","1. Forearms on ground, elbows under shoulders 2. Body straight line 3. Engage core 4. Hold position 5. Breathe normally","1. Anti-extension core exercise 2. Neutral spine position 3. Squeeze glutes 4. Pull elbows toward feet 5. Progress to longer holds","Schoenfeld BJ et al. (2014). Core muscle activation during exercises. J Strength Cond Res 28(11):3021-3028","All Sports, Core Stability","[TBD]","[TBD]","[TBD]"
"Cable Woodchop (High to Low)","Internal/External Obliques, Transverse Abdominis","Rectus Abdominis, Shoulders, Hips","Compound","Cable Machine","Intermediate","Core","Pull","Cables","1. Cable at high position 2. Stand perpendicular to machine 3. Rotate and pull down across body 4. Control return 5. Repeat other side","1. Rotational power development 2. Anti-rotation component 3. Full body integration 4. Maintain straight arms 5. Rotate from core","McGill SM et al. (2010). Core exercises and spine loads. J Strength Cond Res 24(12):3316-3324","Baseball, Golf, Tennis, Rotational Sports","[TBD]","[TBD]","[TBD]"
"Hanging Leg Raise","Rectus Abdominis (lower emphasis), Hip Flexors","Obliques, Lats (stabilization)","Isolation","Pull-Up Bar","Advanced","Core","Pull","Bodyweight","1. Hang from bar 2. Engage core 3. Raise legs to parallel 4. Lower with control 5. Avoid swinging","1. Advanced ab exercise 2. Hip flexor involvement 3. Posterior pelvic tilt crucial 4. Controlled tempo 5. Progress to toes-to-bar","Snarr RL, Esco MR (2014). EMG of abdominal exercises. J Strength Cond Res 28(4):1122-1129","Gymnastics, Calisthenics, Advanced Core","[TBD]","[TBD]","[TBD]"
"Pallof Press","Transverse Abdominis, Obliques","Rectus Abdominis, Shoulders","Isolation","Cable Machine or Band","Beginner","Core","Push","Cables","1. Cable at chest height 2. Stand perpendicular to machine 3. Hold handle at chest 4. Press out and hold 5. Return and repeat","1. Anti-rotation core exercise 2. Stabilization emphasis 3. Maintain upright posture 4. Resist rotation force 5. Functional core strength","McGill SM et al. (2010). Stability exercises and spine loads. J Strength Cond Res 24(12):3316-3324","Athletic Performance, Core Stability, Rehabilitation","[TBD]","[TBD]","[TBD]"
"Ab Wheel Rollout","Rectus Abdominis, Transverse Abdominis","Erector Spinae, Lats, Shoulders","Compound","Ab Wheel","Advanced","Core","Push","Bodyweight","1. Kneel with ab wheel 2. Roll forward extending body 3. Maintain neutral spine 4. Pull back to start 5. Control throughout","1. Advanced anti-extension exercise 2. Full body tension required 3. Don't hyperextend spine 4. Progress from knees to feet 5. Eccentric control crucial","Escamilla RF et al. (2006). Core muscle activation during ab exercises. J Orthop Sports Phys Ther 36(2):45-57","Advanced Core Training, Functional Strength","[TBD]","[TBD]","[TBD]"
"Russian Twist","Internal/External Obliques","Rectus Abdominis, Hip Flexors","Isolation","Weight Plate, Dumbbell, or Bodyweight","Beginner","Core","Pull","Free Weight","1. Sit with knees bent, feet elevated 2. Lean back 45° 3. Rotate weight side to side 4. Touch ground each side 5. Controlled movement","1. Rotational core exercise 2. Balance component 3. Maintain lean back position 4. Full ROM rotation 5. Avoid momentum","Snarr RL, Esco MR (2014). Abdominal exercise EMG. J Strength Cond Res 28(4):1122-1129","Rotational Sports, Core Development","[TBD]","[TBD]","[TBD]"
"Dead Bug","Transverse Abdominis, Rectus Abdominis","Obliques, Hip Flexors","Isolation","Bodyweight","Beginner","Core","Static","Bodyweight","1. Lie on back, arms and legs up 2. Lower opposite arm and leg 3. Maintain flat back 4. Return and alternate 5. Breathe normally","1. Anti-extension pattern 2. Coordination exercise 3. Lower back stays on floor 4. Opposite limb pattern 5. Progress speed and load","McGill SM (2010). Core training and lumbar spine stability. J Strength Cond Res 24(12):3316-3324","Rehabilitation, Movement Quality, Core Control","[TBD]","[TBD]","[TBD]"
"Cable Crunch (Kneeling)","Rectus Abdominis (upper emphasis)","Obliques","Isolation","Cable Machine with Rope","Intermediate","Core","Pull","Cables","1. Kneel facing cable machine 2. Rope behind head 3. Crunch down, bring elbows to knees 4. Squeeze abs 5. Control return","1. Load progressive ab exercise 2. Posterior pelvic tilt 3. Spinal flexion pattern 4. Avoid hip flexion 5. Focus on contraction","Snarr RL, Esco MR (2014). Core exercise EMG comparison. J Strength Cond Res 28(4):1122-1129","Bodybuilding, Ab Development","[TBD]","[TBD]","[TBD]"
"Bird Dog","Transverse Abdominis, Erector Spinae","Gluteus Maximus, Obliques","Isolation","Bodyweight","Beginner","Core","Static","Bodyweight","1. Start on hands and knees 2. Extend opposite arm and leg 3. Hold position 4. Return and alternate 5. Maintain level hips","1. Anti-rotation exercise 2. Spine stabilization 3. Opposite limb coordination 4. Maintain neutral spine 5. No hip rotation","McGill SM (2010). Spine stability exercises. J Strength Cond Res 24(12):3316-3324","Rehabilitation, Core Stability, Movement Quality","[TBD]","[TBD]","[TBD]"
"Side Plank","Internal/External Obliques, Transverse Abdominis","Rectus Abdominis, Gluteus Medius, Shoulders","Isolation","Bodyweight","Beginner","Core","Static","Bodyweight","1. Lie on side, forearm on ground 2. Stack feet or stagger 3. Lift hips to straight line 4. Hold position 5. Repeat other side","1. Anti-lateral flexion exercise 2. Oblique emphasis 3. Top arm on hip or overhead 4. Maintain alignment 5. Progress with leg raises","Schoenfeld BJ et al. (2014). Muscle activation during core exercises. J Strength Cond Res 28(11):3021-3028","All Sports, Oblique Development","[TBD]","[TBD]","[TBD]"
"Standing Calf Raise (Machine)","Gastrocnemius (medial and lateral heads)","Soleus","Isolation","Calf Raise Machine","Beginner","Lower","Push","Fixed Resistance","1. Position shoulders under pads 2. Stand on platform, heels off 3. Rise up on toes maximally 4. Pause at top 5. Lower to deep stretch","1. Full ROM crucial (stretch to peak) 2. Straight knee emphasizes gastroc 3. Hold top contraction 2 sec 4. Slow eccentric 3 sec 5. High volume beneficial","Roig M et al. (2009). The effects of eccentric calf training. Br J Sports Med 43(12):886-890","Running, Basketball, Jumping Sports","[TBD]","[TBD]","[TBD]"
"Seated Calf Raise (Machine)","Soleus","Gastrocnemius","Isolation","Seated Calf Raise Machine","Beginner","Lower","Push","Fixed Resistance","1. Sit with knees under pads 2. Feet on platform 3. Rise up on toes 4. Squeeze at top 5. Lower to stretch","1. Bent knee isolates soleus 2. Full ROM essential 3. Soleus endurance muscle 4. Higher reps effective 5. Pauses at top and bottom","Kongsgaard M et al. (2006). Fibrillar morphology of calf muscle. Scand J Med Sci Sports 16(3):174-180","Endurance Sports, Calf Development","[TBD]","[TBD]","[TBD]"
"Donkey Calf Raise","Gastrocnemius, Soleus","None","Isolation","Donkey Calf Raise Machine or Partner","Intermediate","Lower","Push","Fixed Resistance","1. Bend at hips 90° 2. Weight on lower back 3. Rise up on toes 4. Peak contraction 5. Deep stretch at bottom","1. Maximum stretch position 2. Hip flexion pre-stretches gastroc 3. Greater ROM than standing 4. High load capacity 5. Old-school mass builder","Nunes JP et al. (2020). Calf training and muscle growth. Front Physiol 11:1663","Bodybuilding, Calf Mass","[TBD]","[TBD]","[TBD]"
"Single-Leg Calf Raise (Bodyweight/Dumbbell)","Gastrocnemius, Soleus","Tibialis Posterior, Ankle Stabilizers","Isolation","Bodyweight or Dumbbell, Step","Beginner","Lower","Push","Bodyweight","1. Stand on one leg on step 2. Lower heel below step 3. Rise to full plantar flexion 4. Hold top position 5. Control descent","1. Unilateral calf development 2. Addresses asymmetries 3. Balance component 4. Greater ROM on step 5. Bodyweight can be sufficient","Clanton TL, Dwyer KK (1997). Single-leg calf training. J Strength Cond Res 11(3):142-146","Running, Balance, Functional Training","[TBD]","[TBD]","[TBD]"
"Calf Press on Leg Press","Gastrocnemius","Soleus","Isolation","Leg Press Machine","Intermediate","Lower","Push","Fixed Resistance","1. Sit in leg press 2. Extend legs (not locked) 3. Balls of feet on platform edge 4. Press with calves 5. Full stretch and contraction","1. Heavy loading possible 2. Reduced spinal load 3. Feet position variations 4. Straight legs = gastroc 5. Safety advantage","Roig M et al. (2009). Calf muscle training protocols. Br J Sports Med 43(12):886-890","Bodybuilding, Heavy Calf Training","[TBD]","[TBD]","[TBD]"
"Jump Rope (Calf Focus)","Gastrocnemius, Soleus","Ankle Stabilizers, Tibialis Anterior","Compound","Jump Rope","Beginner","Lower","Push","Bodyweight","1. Hold rope handles 2. Jump off balls of feet 3. Stay on toes 4. Minimal knee bend 5. Continuous rhythm","1. Plyometric calf training 2. Ankle stiffness development 3. Minimal ground contact 4. Stay on forefoot 5. Reactive strength","Potach DH, Chu DA (2008). Plyometric training effects. J Strength Cond Res 22(4):1332-1338","Boxing, Basketball, Athletic Performance","[TBD]","[TBD]","[TBD]"
"Tibialis Raise","Tibialis Anterior","Extensor Digitorum Longus","Isolation","Bodyweight or Ankle Weights","Beginner","Lower","Pull","Bodyweight","1. Sit or stand with heels down 2. Lift toes toward shin 3. Squeeze at top 4. Lower toes 5. Repeat for reps","1. Shin muscle (antagonist) 2. Injury prevention 3. Balance calf development 4. High rep tolerance 5. Often neglected","Rathleff MS et al. (2015). Tibialis anterior training. Scand J Med Sci Sports 25(4):e397-e403","Running, Shin Splint Prevention","[TBD]","[TBD]","[TBD]"
"Farmer's Walk (Calf Emphasis)","Gastrocnemius, Soleus","Forearms, Traps, Core, Entire Posterior Chain","Compound","Heavy Dumbbells or Farmer's Walk Handles","Intermediate","Lower","Push","Free Weight","1. Grip heavy weights 2. Walk on balls of feet 3. Stay tall 4. Small steps 5. Maintain for distance","1. Functional calf endurance 2. Isometric calf work 3. Grip and total body demand 4. Sport-specific carryover 5. High caloric demand","McGill SM et al. (2003). Loaded carries and muscle activation. J Strength Cond Res 17(1):202-208","Strongman, Functional Training, Sports","[TBD]","[TBD]","[TBD]"
"Box Jump (Calf Emphasis Landing)","Gastrocnemius (explosive)","Quadriceps, Gluteus Maximus, Soleus","Compound","Plyo Box","Intermediate","Lower","Push","Bodyweight","1. Stand facing box 2. Swing arms and jump 3. Land on balls of feet 4. Absorb landing 5. Step down","1. Plyometric power development 2. Stretch-shortening cycle 3. Ankle stiffness training 4. Explosive plantar flexion 5. Progress height gradually","Potach DH, Chu DA (2008). Plyometric protocols. J Strength Cond Res 22(4):1332-1338","Basketball, Volleyball, Sprinting, Athletic Power","[TBD]","[TBD]","[TBD]"
"Sled Push (Toe Push)","Gastrocnemius, Soleus","Quadriceps, Glutes, Core","Compound","Sled with Plates","Advanced","Lower","Push","Free Weight","1. Load sled moderately 2. Push on toes only 3. No heel contact 4. Short powerful steps 5. Maintain forward lean","1. Functional calf power 2. Sport-specific for sprinting 3. No eccentric damage 4. Metabolic demand 5. Toe-off mechanics","Cross MR et al. (2017). Sled training and sprint performance. Sports Med 47(10):2033-2051","Sprinting, Football, Athletic Speed","[TBD]","[TBD]","[TBD]"
"Wrist Curl (Barbell or Dumbbell)","Flexor Carpi Radialis, Flexor Carpi Ulnaris","Palmaris Longus, Finger Flexors","Isolation","Barbell or Dumbbells, Bench","Beginner","Upper","Pull","Free Weight","1. Forearms on bench, palms up 2. Wrists extend off edge 3. Lower weight (extend wrist) 4. Curl weight up (flex wrist) 5. Full ROM","1. Forearm flexor development 2. Full ROM essential 3. Control throughout 4. Seated or kneeling 5. Light weight, high reps","Boeckh-Behrens WU, Buskies W (2000). Forearm exercise analysis. Rowohlt Taschenbuch Verlag","Climbing, Grip Sports, Arm Wrestling","[TBD]","[TBD]","[TBD]"
"Reverse Wrist Curl (Barbell or Dumbbell)","Extensor Carpi Radialis, Extensor Carpi Ulnaris","Brachioradialis","Isolation","Barbell or Dumbbells, Bench","Beginner","Upper","Push","Free Weight","1. Forearms on bench, palms down 2. Wrists extend off edge 3. Lower weight (flex wrist) 4. Extend wrist up 5. Squeeze at top","1. Forearm extensor development 2. Balance flexor work 3. Injury prevention 4. Lighter loads than flexors 5. Controlled tempo","Boeckh-Behrens WU, Buskies W (2000). Strength training exercises. Rowohlt Taschenbuch Verlag","Tennis, Climbing, Grip Balance","[TBD]","[TBD]","[TBD]"
"Farmer's Walk (Heavy)","Finger Flexors, Wrist Flexors, Brachioradialis","Forearm Extensors, Traps, Core","Compound","Heavy Dumbbells or Farmer's Walk Handles","Intermediate","Upper","Pull","Free Weight","1. Grip heavy weights 2. Walk with straight posture 3. Squeeze handles hard 4. Walk for distance or time 5. Maintain grip","1. Functional grip strength 2. Total body exercise 3. Crush grip emphasis 4. Heavy loads beneficial 5. Competition strongman event","McGill SM et al. (2003). Loaded carries and grip. J Strength Cond Res 17(1):202-208","Strongman, Functional Strength, Grip Sports","[TBD]","[TBD]","[TBD]"
"Dead Hang","Finger Flexors, Forearm Flexors","Shoulder Stabilizers, Lats","Isolation","Pull-Up Bar","Beginner","Upper","Pull","Bodyweight","1. Hang from bar 2. Full body weight 3. Squeeze bar hard 4. Hold for time 5. Relax shoulders","1. Static grip endurance 2. Decompression benefits 3. Shoulder health 4. Progress by adding weight 5. Time under tension","Saeterbakken AH et al. (2011). Grip training effects. J Strength Cond Res 25(6):1727-1735","Climbing, Calisthenics, Grip Endurance","[TBD]","[TBD]","[TBD]"
"Plate Pinch (Grip)","Thumb Adductor, Finger Flexors","Forearm Muscles","Isolation","Weight Plates","Intermediate","Upper","Static","Free Weight","1. Pinch smooth side of plates 2. Lift and hold 3. Squeeze hard 4. Hold for time 5. Repeat","1. Pinch grip emphasis 2. Thumb strength 3. Functional grip type 4. Progress with heavier plates 5. Time or reps","Trossman PB, Li PW (1989). Hand grip strength tests. Am J Occup Ther 43(6):372-376","Climbing, Strongman, Grip Specificity","[TBD]","[TBD]","[TBD]"
"Wrist Roller","Forearm Flexors and Extensors","Brachioradialis, Biceps (stabilization)","Compound","Wrist Roller Device","Intermediate","Upper","Push","Bodyweight","1. Hold roller at shoulder height 2. Roll weight up using wrists 3. Reverse to lower weight 4. Repeat for sets 5. Both directions","1. Both flexors and extensors 2. Endurance and strength 3. Eccentric component 4. Shoulders stabilize 5. Old-school effective tool","Boeckh-Behrens WU, Buskies W (2000). Forearm training methods. Rowohlt Taschenbuch Verlag","General Forearm Development, Endurance","[TBD]","[TBD]","[TBD]"
"Hammer Curl (Heavy - Grip Focus)","Brachioradialis, Brachialis","Biceps, Forearm Flexors and Extensors","Compound","Heavy Dumbbells","Intermediate","Upper","Pull","Free Weight","1. Stand with heavy dumbbells 2. Neutral grip maintained 3. Curl to shoulders 4. Squeeze throughout 5. Control descent","1. Functional grip strength 2. Brachioradialis emphasis 3. Neutral grip challenges forearms 4. Heavy loads beneficial 5. Carry-over to pulling","Marcolin G et al. (2018). EMG of arm exercises. Eur J Appl Physiol 118(2):371-380","Climbing, General Strength, Arm Development","[TBD]","[TBD]","[TBD]"
"Towel Pull-Ups","Finger Flexors, Forearm Flexors","Biceps, Lats, Traps","Compound","Towels, Pull-Up Bar","Advanced","Upper","Pull","Bodyweight","1. Drape towels over bar 2. Grip towel ends 3. Perform pull-ups 4. Squeeze towels hard 5. Control descent","1. Advanced grip challenge 2. Functional pulling grip 3. Sport-specific for climbing 4. Crush and support grip 5. Scaling: towel rows","Saeterbakken AH et al. (2011). Grip training variations. J Strength Cond Res 25(6):1727-1735","Climbing, MMA, Functional Grip","[TBD]","[TBD]","[TBD]"
"Reverse Barbell Curl (Grip Focus)","Brachioradialis, Extensor Carpi Radialis","Biceps, Forearm Extensors","Isolation","Barbell","Intermediate","Upper","Pull","Free Weight","1. Stand with pronated grip 2. Barbell at thighs 3. Curl to shoulders 4. Squeeze forearms 5. Lower with control","1. Brachioradialis primary mover 2. Extensor strength 3. Grip endurance 4. Lighter loads required 5. Avoid wrist movement","Boeckh-Behrens WU, Buskies W (2000). Upper arm exercise analysis. Rowohlt Taschenbuch Verlag","Arm Development, Grip Balance","[TBD]","[TBD]","[TBD]"
"Fat Gripz Training (Any Exercise)","All Forearm Muscles","Exercise-dependent","Compound","Fat Gripz or Thick Bar","Intermediate","Upper","Pull","Free Weight","1. Attach fat gripz to bar/dumbbell 2. Perform normal exercise 3. Squeeze hard throughout 4. Notice forearm fatigue 5. Reduce weight if needed","1. Increases grip demand 2. All pulling/curling exercises 3. Greater muscle activation 4. Reduce loads 10-20% 5. Neural grip adaptations","Krings BM et al. (2016). Fat bar training effects. J Strength Cond Res 30(6):1549-1553","General Strength, Grip Enhancement, Functional Training","[TBD]","[TBD]","[TBD]"
"Neck Flexion (Lying Plate)","Sternocleidomastoid, Scalenes","Longus Colli, Longus Capitis","Isolation","Weight Plate, Towel, Bench","Beginner","Upper","Pull","Free Weight","1. Lie supine on bench, head off 2. Plate on forehead (towel between) 3. Flex head to chest 4. Lower with control 5. Avoid jerking","1. Light loads initially 2. Full ROM in safe range 3. Progressive overload slowly 4. Towel for comfort 5. Control eccentric phase","Ylinen J et al. (2007). Neck muscle strengthening. J Rehabil Med 39(7):575-579","Wrestling, Football, Rugby, MMA","[TBD]","[TBD]","[TBD]"
"Neck Extension (Lying Plate)","Splenius Capitis, Splenius Cervicis, Upper Trapezius","Erector Spinae (cervical), Semispinalis","Isolation","Weight Plate, Towel, Bench","Beginner","Upper","Push","Free Weight","1. Lie prone on bench, head off 2. Plate on back of head (towel) 3. Extend head back 4. Lower with control 5. Safe ROM only","1. Balance with flexion work 2. Posterior neck strength 3. Light loads 4. Avoid hyperextension 5. Gradual progression","Ylinen J et al. (2007). Neck strength training protocols. J Rehabil Med 39(7):575-579","Contact Sports, Posture Correction","[TBD]","[TBD]","[TBD]"
"Neck Lateral Flexion (Lying)","Sternocleidomastoid, Scalenes (lateral)","Upper Trapezius, Levator Scapulae","Isolation","Weight Plate, Towel, Bench","Beginner","Upper","Pull","Free Weight","1. Lie on side on bench, head off 2. Plate on side of head 3. Lift head toward shoulder 4. Lower with control 5. Repeat both sides","1. Lateral neck strength 2. Balanced development 3. Light weight initially 4. Both sides equally 5. Controlled tempo","Ylinen J et al. (2007). Cervical muscle training. J Rehabil Med 39(7):575-579","Wrestling, Rugby, Combat Sports","[TBD]","[TBD]","[TBD]"
"Neck Bridge","Cervical Erector Spinae, Splenius Capitis","Upper Back Muscles, Trapezius","Compound","Bodyweight","Advanced","Upper","Static","Bodyweight","1. Lie on back, knees bent 2. Push hips up, weight on head 3. Rock gently forward/back 4. Hold for time 5. Lower gently","1. Advanced neck exercise 2. Start with short holds 3. Use mat/padding 4. Build up tolerance 5. Wrestling-specific","Simenz CJ et al. (2012). Neck training in athletes. Strength Cond J 34(6):17-25","Wrestling, Combat Sports (Advanced)","[TBD]","[TBD]","[TBD]"
"Neck Harness Extension","Splenius Capitis, Upper Trapezius, Cervical Erectors","Semispinalis Capitis","Isolation","Neck Harness, Weight Plate","Intermediate","Upper","Push","Free Weight","1. Attach weight to harness 2. Bend forward 45° 3. Extend neck upward 4. Control descent 5. Full ROM","1. Old-school neck training 2. Progressive loading 3. Full extension ROM 4. Avoid momentum 5. Compound neck strengthener","Simenz CJ et al. (2012). Neck strengthening for athletes. Strength Cond J 34(6):17-25","Football, Combat Sports, Strongman","[TBD]","[TBD]","[TBD]"
"Neck Isometric (4-Way)","All Neck Muscles (context-dependent)","Stabilizers","Isolation","Hand Resistance or Band","Beginner","Upper","Static","Bodyweight","1. Place hand against head 2. Push head against hand 3. Hand provides resistance 4. Hold contraction 5-10 sec 5. Repeat all 4 directions","1. Safe neck strengthening 2. No equipment needed 3. Isometric contractions 4. All planes of motion 5. Rehabilitation tool","Ylinen J et al. (2007). Isometric neck training. J Rehabil Med 39(7):575-579","Rehabilitation, Beginner Neck Training","[TBD]","[TBD]","[TBD]"
"Band Neck Flexion","Sternocleidomastoid, Scalenes","Longus Colli","Isolation","Resistance Band","Beginner","Upper","Pull","Cables","1. Anchor band behind head 2. Flex neck forward 3. Resist extension return 4. Control throughout 5. Appropriate tension","1. Constant tension benefit 2. Adjustable resistance 3. Safe for beginners 4. Both concentric and eccentric 5. Portable option","Ylinen J et al. (2007). Resistance band neck training. J Rehabil Med 39(7):575-579","General Fitness, Injury Prevention","[TBD]","[TBD]","[TBD]"
"Band Neck Extension","Splenius Capitis, Cervical Erectors","Upper Trapezius, Semispinalis","Isolation","Resistance Band","Beginner","Upper","Push","Cables","1. Anchor band in front 2. Extend neck backward 3. Resist flexion return 4. Control throughout 5. Full but safe ROM","1. Posterior neck development 2. Posture improvement 3. Balance anterior work 4. Safe progression tool 5. Rehabilitation application","Ylinen J et al. (2007). Neck exercise protocols. J Rehabil Med 39(7):575-579","Posture Correction, Desk Workers","[TBD]","[TBD]","[TBD]"
"Dead Hang with Neck Engagement","Sternocleidomastoid, Scalenes, Upper Traps","Cervical Stabilizers","Compound","Pull-Up Bar","Beginner","Upper","Static","Bodyweight","1. Hang from bar 2. Relax shoulders down 3. Allow neck stretch 4. Engage to lift head 5. Hold for time","1. Decompression benefit 2. Neck stabilizer engagement 3. Functional hang position 4. Stretch and strengthen 5. Gentle isometric","Saeterbakken AH et al. (2011). Hanging exercises. J Strength Cond Res 25(6):1727-1735","Climbing, General Health, Spinal Decompression","[TBD]","[TBD]","[TBD]"
"Wrestler's Bridge (Front and Back)","Full Neck Musculature","Upper Back, Core","Compound","Bodyweight","Advanced","Upper","Static","Bodyweight","1. Front: forehead on mat, arch body 2. Back: back of head on mat, arch 3. Rock gently 4. Hold positions 5. Progress slowly","1. Advanced wrestler's exercise 2. Extreme caution required 3. Build tolerance gradually 4. Not for beginners 5. Sport-specific to wrestling","Simenz CJ et al. (2012). Advanced neck training. Strength Cond J 34(6):17-25","Wrestling, Combat Sports (Expert Level)","[TBD]","[TBD]","[TBD]"
"Reverse Crunch","Rectus Abdominis (lower emphasis), External Obliques, Internal Obliques","Transverse Abdominis, Hip Flexors (Iliopsoas, Rectus Femoris)","Compound","Bodyweight or Mat","Beginner","Core","Pull","Bodyweight","1. Lie on back, knees bent at 90° 2. Lift hips off floor, bring knees toward chest 3. Control posterior pelvic tilt 4. Lower slowly to start 5. Avoid momentum","1. Focus on pelvic tilt not leg swing 2. Exhale on lift phase 3. Keep lower back pressed to floor 4. Progress to straight-leg variation 5. Add ankle weights for resistance","Clark KM et al. (2003). EMG comparison of upper and lower rectus abdominis. J Strength Cond Res 17(3):475-483","American Football, Basketball, Soccer, Track & Field, Rugby","[TBD]","[TBD]","[TBD]"
"Full Reverse Crunch","Rectus Abdominis, External Obliques, Internal Obliques","Transverse Abdominis, Hip Flexors, Serratus Anterior","Compound","Bodyweight or Mat","Advanced","Core","Pull","Bodyweight","1. Lie on back, legs extended 2. Lift legs and hips simultaneously 3. Bring knees to chest with pelvic curl 4. Hold peak contraction 5. Lower with control","1. Complete ROM from full extension 2. Posterior pelvic tilt crucial 3. Avoid neck strain 4. Slow eccentric (3 sec) 5. Exhale forcefully at top","Escamilla RF et al. (2006). EMG analysis of traditional and nontraditional ab exercises. Phys Ther 86(5):656-671","Gymnastics, Rugby, American Football, Basketball, Martial Arts","[TBD]","[TBD]","[TBD]"
"Lying Hip Thrust","Rectus Abdominis, Internal Obliques, External Obliques","Transverse Abdominis, Hip Flexors (Iliopsoas)","Compound","Bodyweight or Mat","Advanced","Core","Pull","Bodyweight","1. Lie flat, arms at sides for stability 2. Bend knees 90°, feet flat 3. Thrust hips toward ceiling 4. Squeeze abs at top 5. Lower slowly","1. Drive through posterior pelvic tilt 2. Minimal hip flexor engagement 3. Focus on ab contraction 4. Pause 2 sec at top 5. Progress to single-leg variation","Clark KM et al. (2003). EMG comparison of upper and lower rectus abdominis. J Strength Cond Res 17(3):475-483","American Football, Basketball, Soccer, Track & Field, Wrestling","[TBD]","[TBD]","[TBD]"
"Incline Reverse Crunch","Rectus Abdominis (lower emphasis), External Obliques","Transverse Abdominis, Serratus Anterior, Hip Flexors","Compound","Decline Bench","Advanced","Core","Pull","Bodyweight","1. Lie on decline bench, grip handles overhead 2. Knees bent, lift hips toward chest 3. Control posterior tilt 4. Lower slowly 5. Maintain grip throughout","1. Incline increases resistance 30-40% 2. Strict form prevents momentum 3. Exhale on lift phase 4. Keep shoulders anchored 5. Progress angle gradually","Escamilla RF et al. (2006). EMG analysis of ab exercises - incline variation shows highest activity. Phys Ther 86(5):656-671","Gymnastics, Diving, Rugby, Martial Arts, American Football","[TBD]","[TBD]","[TBD]"
"Incline Hip Thrust","Rectus Abdominis (lower emphasis), External Obliques","Transverse Abdominis, Hip Flexors, Serratus Anterior","Compound","Decline Bench","Advanced","Core","Pull","Bodyweight","1. Position on decline bench 2. Grip handles for stability 3. Thrust hips upward with ab contraction 4. Peak squeeze at top 5. Control descent","1. Enhanced difficulty from incline 2. Minimize hip flexor dominance 3. Focus on ab-driven movement 4. 2-sec hold at top 5. Progression: add ankle weights","Contreras B, Schoenfeld B (2014). Evidence-based examination of spinal flexion. Strength Cond J 36(4):8-18","Gymnastics, Rugby, Martial Arts, Wrestling, American Football","[TBD]","[TBD]","[TBD]"
"Reverse Medicine Ball Crunch","Rectus Abdominis (lower emphasis), External Obliques, Internal Obliques","Transverse Abdominis, Hip Flexors","Compound","Medicine Ball, Mat","Advanced","Core","Pull","Free Weights","1. Lie on back, hold medicine ball between knees 2. Bend knees 90° 3. Lift hips off floor, bring knees to chest 4. Squeeze medicine ball throughout 5. Lower with control","1. Added resistance from medicine ball 2. Adductor engagement for stability 3. Focus on controlled movement 4. Exhale on lift 5. Progress weight gradually","Escamilla RF et al. (2006). EMG analysis of ab exercises with external resistance. Phys Ther 86(5):656-671","American Football, Basketball, Rugby, Volleyball, Track & Field","[TBD]","[TBD]","[TBD]"
"Alternating Heel Touch","External Obliques, Internal Obliques","Rectus Abdominis, Transverse Abdominis","Isolation","Bodyweight or Mat","Beginner","Core","Pull","Bodyweight","1. Lie on back, knees bent, feet flat 2. Lift shoulders slightly off floor 3. Reach right hand to right heel 4. Return to center, repeat left side 5. Keep core engaged throughout","1. Lateral flexion focus 2. Controlled tempo (2 sec each side) 3. Minimal shoulder movement 4. Exhale on each reach 5. Keep lower back pressed down","McGill SM et al. (2003). Oblique muscle activation patterns. Med Sci Sports Exerc 35(1):228-235","Soccer, Tennis, Baseball, Hockey, Basketball","[TBD]","[TBD]","[TBD]"
"Bent-Knee Medicine Ball Hip Rotation","External Obliques, Internal Obliques, Transverse Abdominis","Rectus Abdominis, Hip Flexors","Compound","Medicine Ball, Mat","Advanced","Core","Rotational","Free Weights","1. Sit on floor, knees bent, lean back 45° 2. Hold medicine ball at chest 3. Rotate torso left, touch ball to floor 4. Rotate right, touch ball to floor 5. Keep core engaged, controlled movement","1. Anti-rotation core engagement 2. Full rotational ROM 3. Keep feet stable or lift for advanced 4. Exhale on rotation 5. Progress weight gradually","Saeterbakken AH et al. (2011). Trunk muscle activation in rotational exercises. J Strength Cond Res 25(2):316-322","Baseball, Tennis, Golf, Cricket, Hockey","[TBD]","[TBD]","[TBD]"
"Cable Chop","External Obliques, Internal Obliques, Transverse Abdominis","Rectus Abdominis, Deltoids, Latissimus Dorsi","Compound","Cable Machine","Advanced","Core","Rotational","Cables","1. Set cable high, stand sideways to machine 2. Grab handle with both hands 3. Pull diagonally across body (high to low) 4. Rotate torso, engage obliques 5. Control return to start","1. Diagonal movement pattern 2. Anti-rotation stability crucial 3. Keep arms relatively straight 4. Exhale on chop motion 5. Both standing and half-kneeling variations","Santana JC et al. (2007). Core stability and rotational exercises. Strength Cond J 29(5):10-19","Baseball, Tennis, Golf, Hockey, Martial Arts","[TBD]","[TBD]","[TBD]"
"Cross Crunch","External Obliques, Internal Obliques","Rectus Abdominis, Transverse Abdominis, Hip Flexors","Compound","Bodyweight or Mat","Beginner","Core","Rotational","Bodyweight","1. Lie on back, hands behind head 2. Lift right knee toward chest 3. Rotate left elbow to right knee 4. Lower, repeat opposite side 5. Alternate sides smoothly","1. Focus on rotation not elbow-to-knee contact 2. Exhale on crunch 3. Keep lower back pressed down 4. Controlled tempo (2 sec up, 2 sec down) 5. Avoid pulling on neck","McGill SM et al. (2003). Rotational crunch EMG patterns. Med Sci Sports Exerc 35(1):228-235","Soccer, Basketball, Tennis, Volleyball, Track & Field","[TBD]","[TBD]","[TBD]"
"Cross Crunch w/ Medicine Ball","External Obliques, Internal Obliques","Rectus Abdominis, Transverse Abdominis, Deltoids","Compound","Medicine Ball, Mat","Advanced","Core","Rotational","Free Weights","1. Lie on back, hold medicine ball overhead 2. Lift right knee, rotate torso 3. Bring ball toward right knee 4. Lower with control, alternate sides 5. Keep core engaged throughout","1. Added resistance challenges rotation 2. Full ROM critical 3. Exhale on crunch 4. Control eccentric (3 sec) 5. Progress weight gradually","Vera-Garcia FJ et al. (2000). EMG of trunk muscles during weighted crunches. Med Sci Sports Exerc 32(8):1518-1522","American Football, Basketball, Rugby, Volleyball, Baseball","[TBD]","[TBD]","[TBD]"
"Decline Cross Sit-Up","External Obliques, Internal Obliques, Rectus Abdominis","Transverse Abdominis, Hip Flexors","Compound","Decline Bench","Advanced","Core","Rotational","Bodyweight","1. Position on decline bench, feet secured 2. Lie back fully 3. Sit up while rotating torso to one side 4. Lower with control 5. Alternate rotation each rep","1. Decline increases difficulty 30-40% 2. Full sit-up ROM with rotation 3. Controlled movement prevents injury 4. Exhale on sit-up phase 5. Progress angle gradually","Escamilla RF et al. (2006). Decline ab exercises show increased EMG. Phys Ther 86(5):656-671","Martial Arts, Gymnastics, Rugby, Wrestling, Boxing","[TBD]","[TBD]","[TBD]"
"Decline Sit-Up w/ Twist","External Obliques, Internal Obliques, Rectus Abdominis","Transverse Abdominis, Hip Flexors, Serratus Anterior","Compound","Decline Bench","Advanced","Core","Rotational","Bodyweight","1. Secure feet on decline bench 2. Lie back, hands behind head 3. Sit up and twist torso at top 4. Lower with control 5. Alternate twist direction each rep","1. Combines spinal flexion and rotation 2. Enhanced difficulty from decline 3. Focus on oblique contraction 4. Avoid excessive momentum 5. Progress by increasing angle","Andersson EA et al. (1997). EMG of trunk muscles in sit-up variations. Eur J Appl Physiol 75(3):271-276","Boxing, Martial Arts, Wrestling, Rugby, American Football","[TBD]","[TBD]","[TBD]"
"Reverse Cable Chop","External Obliques, Internal Obliques, Transverse Abdominis","Rectus Abdominis, Deltoids, Serratus Anterior","Compound","Cable Machine","Advanced","Core","Rotational","Cables","1. Set cable low, stand sideways 2. Grab handle with both hands 3. Pull diagonally upward (low to high) 4. Rotate torso, engage obliques 5. Control return to start","1. Opposite pattern to cable chop 2. Targets obliques from different angle 3. Anti-rotation stability key 4. Exhale on upward pull 5. Half-kneeling variation available","Santana JC et al. (2007). Rotational cable exercises for core. Strength Cond J 29(5):10-19","Baseball, Tennis, Golf, Volleyball, Basketball","[TBD]","[TBD]","[TBD]"
"Seated Medicine Ball Twist","External Obliques, Internal Obliques, Transverse Abdominis","Rectus Abdominis, Erector Spinae","Compound","Medicine Ball, Mat","Advanced","Core","Rotational","Free Weights","1. Sit on floor, knees bent, lean back 45° 2. Hold medicine ball at chest level 3. Rotate torso fully to left, touch ball to floor 4. Rotate fully to right, touch ball to floor 5. Maintain lean-back position throughout","1. Seated position isolates obliques 2. Full rotational ROM both directions 3. Keep core engaged continuously 4. Exhale on each rotation 5. Lift feet for advanced progression","Saeterbakken AH et al. (2011). Seated rotational exercises EMG. J Strength Cond Res 25(2):316-322","Baseball, Tennis, Golf, Cricket, Hockey","[TBD]","[TBD]","[TBD]"
"Trunk Rotator","External Obliques, Internal Obliques","Erector Spinae, Transverse Abdominis","Isolation","Bodyweight or Mat","Advanced","Core","Rotational","Bodyweight","1. Lie on back, arms out to sides for stability 2. Bend knees 90°, feet off floor 3. Lower knees to one side, keep shoulders down 4. Return to center 5. Lower to opposite side","1. Pure rotational movement 2. Keep shoulders anchored 3. Control descent (3 sec) 4. Exhale on rotation 5. Progress to straight-leg variation","McGill SM (2001). Low back exercises: evidence for prescription. J Orthop Sports Phys Ther 31(10):587-596","Golf, Tennis, Baseball, Hockey, Martial Arts","[TBD]","[TBD]","[TBD]"
"Front Plank (from knees)","Transverse Abdominis, Rectus Abdominis","External Obliques, Erector Spinae, Multifidus","Compound","Bodyweight or Mat","Beginner","Core","Static","Bodyweight","1. Position on forearms and knees 2. Maintain straight line from head to knees 3. Engage core, avoid sagging hips 4. Hold 20-60 seconds 5. Breathe normally throughout","1. Regression for beginners 2. Proper alignment crucial 3. Build to 60-sec holds 4. Progress to toes when ready 5. Focus on quality over duration","Schoenfeld BJ et al. (2014). Core stability exercises EMG. J Strength Cond Res 28(11):3298-3305","General Fitness, Rehabilitation, Beginner Training","[TBD]","[TBD]","[TBD]"
"Front Plank (from toes)","Transverse Abdominis, Rectus Abdominis, Erector Spinae","External Obliques, Multifidus, Deltoids, Quadriceps","Compound","Bodyweight or Mat","Intermediate","Core","Static","Bodyweight","1. Position on forearms and toes 2. Maintain straight line from head to heels 3. Engage core, neutral spine 4. Hold 30-90 seconds 5. Breathe normally","1. Standard plank position 2. Avoid pike or sag 3. Shoulders over elbows 4. Build to 90-sec holds 5. Progress to single-limb variations","McGill SM et al. (2003). Plank exercise for core stability. Med Sci Sports Exerc 35(1):228-235","All Sports, General Fitness, Injury Prevention","[TBD]","[TBD]","[TBD]"
"Front Plank (tripod - 1 arm and 2 legs or 2 arms and 1 leg)","Transverse Abdominis, Rectus Abdominis, Erector Spinae, Multifidus","External Obliques, Internal Obliques, Deltoids, Gluteus Medius, Quadratus Lumborum","Compound","Bodyweight or Mat","Advanced","Core","Static","Bodyweight","1. Start in standard front plank 2. Lift one arm or one leg off floor 3. Maintain level hips, no rotation 4. Hold 15-45 seconds 5. Switch sides","1. Anti-rotation challenge 2. Enhanced oblique engagement 3. Focus on stability not duration 4. Keep hips level and square 5. Progress slowly from standard plank","Schoenfeld BJ et al. (2014). Single-limb plank variations EMG. J Strength Cond Res 28(11):3298-3305","All Sports (Advanced), Functional Training, Stability","[TBD]","[TBD]","[TBD]"
"Side-Plank (from knees)","External Obliques, Internal Obliques, Quadratus Lumborum","Transverse Abdominis, Gluteus Medius, Deltoids","Compound","Bodyweight or Mat","Intermediate","Core","Static","Bodyweight","1. Position on side, forearm and knees 2. Lift hips to create straight line 3. Stack knees, top arm on hip or extended 4. Hold 20-60 seconds per side 5. Avoid hip drop","1. Lateral core stability 2. Regression from full side plank 3. Build to 60-sec holds 4. Progress to feet when ready 5. Keep body aligned","Ekstrom RA et al. (2007). Side plank for core and hip stability. J Orthop Sports Phys Ther 37(5):242-252","General Fitness, Rehabilitation, Running","[TBD]","[TBD]","[TBD]"
"Side-Plank (from toes)","External Obliques, Internal Obliques, Quadratus Lumborum, Gluteus Medius","Rectus Abdominis, Gluteus Maximus, Latissimus Dorsi, Scapular Stabilizers, Erector Spinae, Hip Adductors","Compound","Bodyweight or Mat","Advanced","Core","Static","Bodyweight","1. Lie on side, stack feet 2. Lift body on forearm and feet 3. Maintain straight line head to heels 4. Hold 30-60 seconds per side 5. Keep hips elevated","1. Full side plank progression 2. Avoid hip sag or pike 3. Engage lateral core maximally 4. Build endurance gradually 5. Add hip lifts for dynamic variation","Kinney AL et al. (2020). EMG of obliques during isometric tasks. J Sport Rehabil 29(5):677-685","Rugby, American Football, Swimming, Tennis, Martial Arts","[TBD]","[TBD]","[TBD]"
"Side-Plank (hip lift)","Gluteus Medius, Quadratus Lumborum, External Obliques, Internal Obliques","Gluteus Maximus, Tensor Fasciae Latae, Latissimus Dorsi, Serratus Anterior, Erector Spinae, Multifidus","Compound","Bodyweight or Mat","Advanced","Core","Static","Bodyweight","1. Start in side plank position 2. Lower hip toward floor 3. Lift hip back up to straight line 4. Repeat for reps 5. Switch sides","1. Dynamic side plank variation 2. Focus on controlled hip movement 3. Gluteus medius 103% MVIC activation 4. Prevents hip drop during running 5. Excellent for frontal plane stability","Ekstrom RA et al. (2007). EMG analysis of core, hip, and thigh muscles. J Orthop Sports Phys Ther 37(12):754-762","Running, Soccer, Basketball, Tennis, Golf","[TBD]","[TBD]","[TBD]"
"Ab Cycle (Bicycle Crunch)","Rectus Abdominis, External Obliques, Internal Obliques","Transverse Abdominis, Hip Flexors (Iliopsoas, Rectus Femoris)","Compound","Bodyweight or Mat","Intermediate","Core","Rotational","Bodyweight","1. Lie on back, hands behind head 2. Lift shoulders, bring right knee to chest 3. Rotate left elbow toward right knee 4. Switch sides in cycling motion 5. Keep core engaged throughout","1. Highest EMG among common ab exercises 2. Continuous alternating rotation 3. Avoid pulling on neck 4. Exhale on each twist 5. Controlled tempo for quality","Francis P (2001). ACE Study on ab exercises. San Diego State University EMG Study","Baseball, Golf, Tennis, Boxing, Ice Hockey","[TBD]","[TBD]","[TBD]"
"Kneeling Ab Rollout","Rectus Abdominis, Transverse Abdominis, External Obliques, Internal Obliques","Latissimus Dorsi, Anterior Deltoid, Triceps Brachii, Erector Spinae, Gluteus Maximus","Compound","Ab Wheel or Barbell","Advanced","Core","Pull","Free Weights","1. Kneel on mat, grip ab wheel/barbell 2. Roll forward extending arms 3. Maintain neutral spine, avoid sagging 4. Pull back to start using core 5. Control throughout movement","1. Advanced anti-extension exercise 2. Isometric/eccentric core control 3. Avoid lumbar hyperextension 4. Build up ROM gradually 5. Progress to standing rollout","Escamilla RF et al. (2010). Core activation during Swiss ball exercises. J Orthop Sports Phys Ther 40(5):265-276","Gymnastics, Weightlifting, Swimming, American Football, Rugby","[TBD]","[TBD]","[TBD]"
"Medicine Ball V-Up","Rectus Abdominis, Hip Flexors (Iliopsoas, Rectus Femoris), Anterior Deltoid","External Obliques, Internal Obliques, Transverse Abdominis, Latissimus Dorsi, Pectoralis Major, Rotator Cuff","Compound","Medicine Ball, Mat","Advanced","Core","Pull","Free Weights","1. Lie flat, hold medicine ball overhead 2. Simultaneously lift legs and torso 3. Touch medicine ball to feet at top 4. Lower with control 5. Keep arms and legs straight","1. Weighted V-Up variation 2. External load increases activation 3. Explosive core-to-limb transfer 4. Control eccentric (3 sec) 5. Progress weight gradually","Saeterbakken AH et al. (2013). External load increases muscle activation. J Strength Cond Res 27(7):1831-1837","Baseball, Javelin, Wrestling, Tennis, Golf","[TBD]","[TBD]","[TBD]"
"V-Up","Rectus Abdominis, Hip Flexors (Iliopsoas, Rectus Femoris, TFL, Sartorius)","External Obliques, Internal Obliques, Transverse Abdominis, Hip Adductors","Compound","Bodyweight or Mat","Advanced","Core","Pull","Bodyweight","1. Lie flat, arms extended overhead 2. Simultaneously lift legs and torso 3. Reach hands toward toes 4. Lower with control to start 5. Keep legs and arms straight","1. Advanced compound ab movement 2. Simultaneous hip and trunk flexion 3. Control tempo (2 sec up, 3 sec down) 4. Exhale forcefully at top 5. Avoid momentum","Andersson EA et al. (1997). Abdominal and hip flexor activation. Ergonomics 40(12):1218-1230","Gymnastics, Diving, Swimming, Martial Arts, Track & Field","[TBD]","[TBD]","[TBD]"
"Weighted V-Up","Rectus Abdominis, Hip Flexors (Iliopsoas, Rectus Femoris), Anterior Deltoid","External Obliques, Internal Obliques, Transverse Abdominis, Latissimus Dorsi, Pectoralis Major, Rotator Cuff","Compound","Dumbbell or Medicine Ball, Mat","Advanced","Core","Pull","Free Weights","1. Lie flat, hold weight overhead 2. Perform V-Up movement with resistance 3. Control weight throughout ROM 4. Lower slowly to start 5. Maintain straight arms and legs","1. Progressive overload for V-Up 2. Increased stabilization demand 3. Explosive movement under load 4. Start with light weight (2.5-5kg) 5. Focus on form over weight","Willardson JM (2007). Core stability training applications. J Strength Cond Res 21(3):979-985","Shot Put, Discus, Wrestling, American Football, MMA","[TBD]","[TBD]","[TBD]"
"Bent Knee Sit-Up","Rectus Abdominis, Hip Flexors","Transverse Abdominis, External Obliques, Internal Obliques","Compound","Bodyweight or Mat","Beginner","Core","Pull","Bodyweight","1. Lie on back, knees bent, feet flat 2. Place hands behind head or across chest 3. Sit up to vertical position 4. Lower with control 5. Keep feet anchored","1. Reduced hip flexor involvement vs straight leg 2. Greater ab activation with modified technique 3. Avoid pulling on neck 4. Exhale on sit-up phase 5. Control eccentric descent","Sullivan W et al. (2015). Modified bent-knee sit-up EMG. J Strength Cond Res 29(12):3472-3479","General Fitness, Soccer, Basketball, Baseball, American Football","[TBD]","[TBD]","[TBD]"
"Bent-Knee Crunch","Rectus Abdominis, External Obliques, Internal Obliques","Transverse Abdominis, Rectus Femoris (minimal)","Isolation","Bodyweight or Mat","Beginner","Core","Pull","Bodyweight","1. Lie on back, knees bent 90° 2. Place hands behind head 3. Lift shoulders off floor 4. Crunch ribs toward hips 5. Lower slowly","1. Standard crunch variation 2. Focus on upper ab flexion 3. Small ROM (shoulders 6-8 inches) 4. Exhale on crunch 5. Avoid pulling neck","Willett GM et al. (2001). Relative ab muscle activity. J Strength Cond Res 15(4):480-485","Golf, Baseball, Running, Tennis, Soccer","[TBD]","[TBD]","[TBD]"
"Crunch (Standard)","Rectus Abdominis, External Obliques, Internal Obliques","Transverse Abdominis","Isolation","Bodyweight or Mat","Beginner","Core","Pull","Bodyweight","1. Lie on back, knees bent or feet elevated 2. Hands behind head or across chest 3. Lift shoulder blades off floor 4. Focus on rib-to-hip movement 5. Lower with control","1. Basic upper ab exercise 2. Short ROM spinal flexion 3. Minimal hip flexor involvement 4. Breathe out on contraction 5. Quality over quantity","Escamilla RF et al. (2006). Core muscle activation EMG study. Strength Cond J","General Fitness, Running, Swimming, Cycling, Basketball","[TBD]","[TBD]","[TBD]"
"Decline Crunch","Rectus Abdominis, External Obliques, Internal Obliques","Transverse Abdominis, Iliopsoas, Rectus Femoris","Compound","Decline Bench","Intermediate","Core","Pull","Bodyweight","1. Secure feet on decline bench 2. Lie back on bench 3. Crunch ribs toward hips 4. Control return to start 5. Avoid full extension at bottom","1. Increased resistance from decline angle 2. Greater ROM than flat crunch 3. Enhanced ab activation 4. Control prevents momentum 5. Progress angle gradually","Urquhart DM et al. (2005). Ab recruitment during exercises. Manual Ther 10(2):144-153","Gymnastics, Diving, Wrestling, Martial Arts, Cheerleading","[TBD]","[TBD]","[TBD]"
"Decline Sit-Up","Rectus Abdominis, Hip Flexors (Iliopsoas, Rectus Femoris)","Transverse Abdominis, External Obliques, Internal Obliques","Compound","Decline Bench","Advanced","Core","Pull","Bodyweight","1. Secure feet on decline bench 2. Lie back fully 3. Sit up to vertical position 4. Lower with control 5. Full ROM movement","1. Advanced sit-up progression 2. Decline increases difficulty 30-40% 3. Greater hip flexor involvement 4. Build core strength progressively 5. Control eccentric phase","Cissik JM (2001). Role of ab training in athletics. Strength Cond J 23(6):84","Gymnastics, Wrestling, Martial Arts, Track & Field, CrossFit","[TBD]","[TBD]","[TBD]"
"Heel Touch","External Obliques, Internal Obliques, Rectus Abdominis","Transverse Abdominis, Quadratus Lumborum","Isolation","Bodyweight or Mat","Beginner","Core","Pull","Bodyweight","1. Lie on back, knees bent, feet flat 2. Lift shoulders slightly off floor 3. Reach right hand to right heel 4. Return to center, reach left to left 5. Alternate sides continuously","1. Lateral flexion emphasis 2. Oblique isolation movement 3. Controlled tempo (2 sec each side) 4. Minimal shoulder lift needed 5. Keep lower back down","ACE Abdominal Exercise Research Program. Oblique EMG patterns","Basketball, Soccer, Tennis, Ice Hockey, Volleyball","[TBD]","[TBD]","[TBD]"
"Sit-Up (Classic)","Rectus Abdominis, Hip Flexors (Rectus Femoris, Iliopsoas)","Transverse Abdominis, External Obliques, Internal Obliques, Tensor Fasciae Latae","Compound","Bodyweight or Mat","Beginner","Core","Pull","Bodyweight","1. Lie on back, knees bent 2. Feet anchored or flat on floor 3. Sit up to vertical 4. Lower with control 5. Hands behind head or across chest","1. Classic abdominal exercise 2. Full spinal flexion ROM 3. Hip flexor contribution significant 4. Military/fitness test standard 5. Control descent to prevent injury","Sullivan W et al. (2015). Traditional vs modified sit-up EMG. J Strength Cond Res 29(12):3472-3479","Military, Sprinting, Soccer, Track & Field, CrossFit","[TBD]","[TBD]","[TBD]"
"Weighted Crunch","Rectus Abdominis, External Obliques, Internal Obliques","Transverse Abdominis, Pectoralis Major, Upper Back Muscles","Isolation","Weight Plate or Medicine Ball, Mat","Intermediate","Core","Pull","Free Weights","1. Lie on back, knees bent 2. Hold weight on chest 3. Perform crunch with added resistance 4. Control throughout ROM 5. Progress weight gradually","1. Progressive overload for crunches 2. External load increases force production 3. Maintain proper form with weight 4. Start light (2.5-5kg) 5. Increased stabilization demand","Andersson EA et al. (1997). EMG activity increases with external resistance. Eur J Appl Physiol 75(2):115-123","American Football, Rugby, Wrestling, Powerlifting, Strongman","[TBD]","[TBD]","[TBD]"
"Inverted Pull-Up (Bodyweight Row)","Latissimus Dorsi, Rhomboids Major/Minor, Middle Trapezius, Posterior Deltoid, Teres Major","Biceps Brachii, Brachialis, Brachioradialis, Erector Spinae, Gluteus Maximus, Lower Trapezius","Compound","Bar or Rings","Beginner","Upper","Pull","Bodyweight","1. Grip bar at waist height 2. Extend body under bar, heels on ground 3. Pull chest to bar 4. Lower with control 5. Keep body rigid","1. Horizontal pulling pattern 2. Scapular retraction crucial 3. Body remains rigid throughout 4. Adjust height for difficulty 5. Progress to feet elevated","Fenwick CM et al. (2009). Comparison of rowing exercises. J Strength Cond Res 23(5):1408-1417","Rowing, Gymnastics, Archery, Rock Climbing, Swimming","[TBD]","[TBD]","[TBD]"
"Assisted Pull-Up","Latissimus Dorsi, Teres Major, Rhomboids Major/Minor, Trapezius (Lower/Middle)","Biceps Brachii, Brachialis, Posterior Deltoid, Infraspinatus, Teres Minor","Compound","Assisted Pull-Up Machine or Band","Beginner","Upper","Pull","Cables or Bodyweight","1. Set assistance level on machine 2. Grip bar with desired width 3. Pull body up until chin over bar 4. Lower with control 5. Build toward unassisted","1. Reduces effective bodyweight load 2. Maintains proper pull-up pattern 3. Progressive overload by reducing assistance 4. Focus on full ROM 5. Scapular depression at start","Snarr RL et al. (2017). EMG comparison of pull-up variations. J Human Kinet 58:5-13","All Sports (developmental), Swimming, Gymnastics, Rock Climbing, CrossFit","[TBD]","[TBD]","[TBD]"
"Close-Grip Lat Pulldown","Latissimus Dorsi, Teres Major, Rhomboids Major/Minor, Lower Trapezius","Biceps Brachii, Brachialis, Posterior Deltoid","Compound","Cable Machine","Intermediate","Upper","Pull","Cables","1. Sit at lat pulldown station 2. Grip bar with narrow/neutral grip 3. Pull bar to upper chest 4. Squeeze shoulder blades together 5. Control return to start","1. Greater ROM than wide grip 2. Increased biceps involvement 3. Neutral grip reduces shoulder stress 4. Full scapular retraction 5. Excellent for lats and mid-back","Signorile JF et al. (2002). EMG of lat pulldown hand positions. J Strength Cond Res 16(4):539-546","Judo, Wrestling, Brazilian Jiu-Jitsu, American Football, Rock Climbing","[TBD]","[TBD]","[TBD]"
"Lat Pulldown (Front)","Latissimus Dorsi, Teres Major, Rhomboids Major/Minor, Trapezius (Lower/Middle)","Biceps Brachii, Brachialis, Brachioradialis, Posterior Deltoid, Infraspinatus, Teres Minor","Compound","Cable Machine","Beginner","Upper","Pull","Cables","1. Sit at lat pulldown station 2. Grip bar with wide pronated grip 3. Pull bar to upper chest 4. Retract shoulder blades 5. Control return upward","1. Greatest lat EMG with wide pronated grip 2. Primary vertical pulling exercise 3. Pull to upper chest not behind neck 4. Lean back slightly (10-15°) 5. Full ROM for lat development","Lehman GJ et al. (2004). Muscle activation in lat exercises. Dynamic Med 3(1):4","Swimming, Rock Climbing, Rowing, Gymnastics, CrossFit","[TBD]","[TBD]","[TBD]"
